question	answer	card_export_column__field_a	card_export_column__field_b	card_export_column__field_c	tags	c_Added	c_LatestReview	c_Due	c_Interval_in_Days	c_Ease	c_Reviews	c_Lapses	c_CardType	c_NoteType	c_Deck	c_NoteID	c_CardID	allrevs
Sort Field	Answer
親類	"親[しん] 類[るい]	relative"
祖先	"祖[そ] 先[せん]	ancestor"
子孫	"子[し] 孫[そん]	descendant"
祖父母	"祖[そ] 父[ふ] 母[ぼ]	grandparents"
孫	"孫[まご]	grandchild"
三世代	"三[さん] 世[せ] 代[だい]	three generations"
一家	"一[いっ] 家[か]	whole family"
集まり	"集[あつ]まり	gathering"
親孝行	"親[おや] 孝[こう] 行[こう]	dutiful to one's parents"
実家	"実[じっ] 家[か]	family home"
懐かしい	"懐[なつ]かしい	nostalgic, fondly remembered"
三人姉妹	"三[さん] 人[にん] 姉[し] 妹[まい]	three sisters"
末っ子	"末[すえ]っ 子[こ]	youngest child"
一人っ子	"一人[ひとり]っ 子[こ]	only child"
双子	"双[ふた] 子[ご]	twins"
仲良し	"仲[なか] 良[よ]し	good friend"
仕事仲間	"仕[し] 事[ごと] 仲[なか] 間[ま]	workmate, colleague"
知人	"知[ち] 人[じん]	acquaintance"
知り合い	"知[し]り 合[あ]い	acquaintance"
奥様	"奥[おく] 様[さま]	wife"
お母様	"お 母[かあ] 様[さま]	mother"
お父様	"お 父[とう] 様[さま]	father"
お嬢ちゃん	"お 嬢[じょう]ちゃん	little daughter"
（お）坊ちゃん	"（お） 坊[ぼっ]ちゃん	boy"
～氏	"～ 氏[し]	Mr. [Ms.] ～"
（ご）夫妻	"（ご） 夫[ふ] 妻[さい]	husband and wife"
夫人	"夫[ふ] 人[じん]	wife"
職場	"職[しょく] 場[ば]	one's place of work"
上司	"上[じょう] 司[し]	boss"
部下	"部[ぶ] 下[か]	subordinate"
先輩	"先[せん] 輩[ぱい]	senior"
後輩	"後[こう] 輩[はい]	junior"
目上	"目[め] 上[うえ]	superior"
目下	"目[め] 下[した]	subordinate"
年上	"年[とし] 上[うえ]	older"
年下	"年[とし] 下[した]	younger"
同い年	"同[おな]い 年[どし]	same age"
周囲	"周[しゅう] 囲[い]	surrounding"
親しい	"親[した]しい	close"
付き合い	"付[つ]き 合[あ]い	relationship"
コミュニケーション	"コミュニケーション	communication"
守る	"守[まも]る	to keep, to protect"
破る	"破[やぶ]る	to tear, to break"
取り消す	"取[と]り 消[け]す	to cancel"
言葉遣い	"言[こと] 葉[ば] 遣[づか]い	wording, phrasing"
握手	"握[あく] 手[しゅ]	handshake"
お辞儀	"お 辞[じ] 儀[ぎ]	bow"
～仲間	"～ 仲[なか] 間[ま]	～ friend [companion]"
話し合い	"話[はな]し 合[あ]い	discussion"
取り～	"取[と]り～	(emphatic prefix indicating an action is done thoroughly or with care)"
取り出す	"取[と]り 出[だ]す	to take out"
取り替える	"取[と]り 替[か]える	to replace"
～遣い	"～ 遣[づか]い	～ habit, way of ～"
金遣い	"金[かね] 遣[づか]い	spending money"
気遣い	"気[き] 遣[づか]い	concern"
長年	"長[なが] 年[ねん]	many years"
たとえ	"たとえ	even if"
ちっとも	"ちっとも	(not a) bit"
まるで	"まるで	as if"
積極的	"積[せっ] 極[きょく] 的[てき]	positive, assertive"
消極的	"消[しょう] 極[きょく] 的[てき]	passive"
やかましい	"やかましい	noisy"
慎重	"慎[しん] 重[ちょう]	careful"
そそっかしい	"そそっかしい	careless"
だらしない	"だらしない	slovenly"
器用	"器[き] 用[よう]	dexterity, skilfulness"
不器用	"不[ぶ] 器[き] 用[よう]	clumsy"
要領	"要[よう] 領[りょう]	point, gist"
謙虚	"謙[けん] 虚[きょ]	modest"
生意気	"生[なま] 意[い] 気[き]	cheeky"
勘	"勘[かん]	intuition"
鋭い	"鋭[するど]い	sharp, acute"
鈍い	"鈍[にぶ]い	blunt, thick-headed, dull"
弱気	"弱[よわ] 気[き]	coward"
強気	"強[つよ] 気[き]	strong, aggressive"
長所	"長[ちょう] 所[しょ]	strong point"
頼もしい	"頼[たの]もしい	reliable"
頼り	"頼[たよ]り	reliance"
礼儀正しい	"礼[れい] 儀[ぎ] 正[ただ]しい	polite"
冷静	"冷[れい] 静[せい]	calm"
陽気	"陽[よう] 気[き]	cheerful"
ユーモア	"ユーモア	humour"
はきはき	"はきはき	frankly, clearly"
にこにこ	"にこにこ	beaming, all smiles"
純粋	"純[じゅん] 粋[すい]	pure"
穏やか	"穏[おだ]やか	calm, mild"
短所	"短[たん] 所[しょ]	shortcomings"
わがまま	"わがまま	selfish"
強引	"強[ごう] 引[いん]	aggressive, forceful"
厚かましい	"厚[あつ]かましい	shameless"
ずうずうしい	"ずうずうしい	brazen-faced, shameless"
けち	"けち	stingy"
乱暴	"乱[らん] 暴[ぼう]	rough, violent"
荒い	"荒[あら]い	rough, coarse"
ひきょう	"ひきょう	coward"
平気	"平[へい] 気[き]	unconcerned, insensitive"
裏切る	"裏[うら] 切[ぎ]る	to betray"
威張る	"威[い] 張[ば]る	to put on airs"
ふざける	"ふざける	to play around"
飽きる	"飽[あ]きる	to get tired of, to get sick of"
飽きっぽい	"飽[あ]きっぽい	soon get tired of"
慌てる	"慌[あわ]てる	to panic, to get flustered"
のん気	"のん 気[き]	carefree"
のんびり	"のんびり	laid-back"
しゃれ	"しゃれ	joke, pun"
率直	"率[そっ] 直[ちょく]	frank"
心理	"心[しん] 理[り]	state of mind, psychology"
緊張	"緊[きん] 張[ちょう]	strain, tension"
どきどき	"どきどき	pounding"
いらいら	"いらいら	irritation"
気楽	"気[き] 楽[らく]	carefree"
機嫌	"機[き] 嫌[げん]	mood"
清潔	"清[せい] 潔[けつ]	cleanliness"
不潔	"不[ふ] 潔[けつ]	dirty"
見かけ	"見[み]かけ	appearance"
派手	"派[は] 手[で]	colourful, showy"
地味	"地[じ] 味[み]	plain"
～的	"～ 的[てき]	-ic, -tive (added to a noun to make it an adjective)"
心理的	"心[しん] 理[り] 的[てき]	psychological"
不～、不～	"不[ふ]～、 不[ぶ]～	不[ふ]～：un-, dis-, im- 不[ぶ]～：un-, im-"
不真面目	"不[ふ] 真[ま] 面目[じめ]	frivolous"
～正しい	"～ 正[ただ]しい	the correct [precise] ～"
規則正しい	"規[き] 則[そく] 正[ただ]しい	regular"
～っぽい	"～っぽい	-ish, a touch of ～"
わざと	"わざと	on purpose"
一切	"一[いっ] 切[さい]	absolutely (not)"
めっきり	"めっきり	really, remarkably"
相変わらず	"相[あい] 変[か]わらず	as before [usual]"
うらやむ	"うらやむ	to envy"
尊敬	"尊[そん] 敬[けい]	respect"
敬う	"敬[うやま]う	to respect"
疑う	"疑[うたが]う	to doubt"
恐れる	"恐[おそ]れる	to fear"
憎む	"憎[にく]む	to hate"
恨む	"恨[うら]む	to hold a grudge"
嫌う	"嫌[きら]う	to hate"
嫌がる	"嫌[いや]がる	to hate"
敬意	"敬[けい] 意[い]	respect"
あこがれる	"あこがれる	to long for"
恩	"恩[おん]	obligation, debt of gratitude"
失望	"失[しつ] 望[ぼう]	disappointment"
うらやましい	"うらやましい	envious"
憎い	"憎[にく]い	hateful"
憎らしい	"憎[にく]らしい	detestable"
哀れ	"哀[あわ]れ	pitiful"
気の毒	"気[き]の 毒[どく]	feeling sorry for"
申し訳ない	"申[もう]し 訳[わけ]ない	I'm sorry."
済まない	"済[す]まない	to be sorry"
ありがたい	"ありがたい	appreciate, grateful"
慰める	"慰[なぐさ]める	to cheer up"
けなす	"けなす	to belittle"
ののしる	"ののしる	to curse"
にらむ	"にらむ	to glare [stare] at"
避ける	"避[さ]ける	to avoid"
助言	"助[じょ] 言[げん]	advice"
忠告	"忠[ちゅう] 告[こく]	advice"
言いつける	"言[い]いつける	to tell"
皮肉	"皮[ひ] 肉[にく]	irony"
ぶつぶつ	"ぶつぶつ	grumble"
不平	"不[ふ] 平[へい]	complaint"
自慢	"自[じ] 慢[まん]	pride"
怒鳴る	"怒[ど] 鳴[な]る	to yell"
隠す	"隠[かく]す	to hide"
広める	"広[ひろ]める	to spread (vt.)"
誤解	"誤[ご] 解[かい]	misunderstanding"
解く	"解[と]く	to clear up, to unfasten, to solve"
解ける	"解[と]ける	to be cleared up"
仲直り	"仲[なか] 直[なお]り	reconciliation, making up with"
エチケット	"エチケット	etiquette"
作法	"作[さ] 法[ほう]	manners"
敬語	"敬[けい] 語[ご]	honorific expression"
反抗的	"反[はん] 抗[こう] 的[てき]	defiant, rebellious"
態度	"態[たい] 度[ど]	attitude"
道徳	"道[どう] 徳[とく]	moral"
重視	"重[じゅう] 視[し]	emphasis, regard ～ as important"
姿勢	"姿[し] 勢[せい]	posture"
みっともない	"みっともない	shameful"
服装	"服[ふく] 装[そう]	clothing"
もてる	"もてる	to be popular with"
理想	"理[り] 想[そう]	ideal"
偶然	"偶[ぐう] 然[ぜん]	by accident, by chance"
見かける	"見[み]かける	to happen to see"
冷める	"冷[さ]める	to cool"
振る	"振[ふ]る	to wag, to sprinkle, to shake"
失恋	"失[しつ] 恋[れん]	broken heart"
～らしい	"～らしい	look, seem"
～つける	"～つける	(indicates doing something emphatically)"
結びつける	"結[むす]びつける	to tie, to fasten"
～める	"～める	(turns adjectives into transitive verbs expressing change)"
道徳的	"道[どう] 徳[とく] 的[てき]	moral, ethical"
理想的	"理[り] 想[そう] 的[てき]	ideal"
まさに	"まさに	exactly, exactly right now"
思い切って	"思[おも]い 切[き]って	daringly"
ようやく	"ようやく	in the end"
いつの間に	"いつの 間[ま]に	before you know it, without even noticing"
飯	"飯[めし]	food, rice"
食う	"食[く]う	to eat"
かじる	"かじる	to take a bite out of"
含む	"含[ふく]む	to have something in one's mouth"
しゃぶる	"しゃぶる	to suck"
味わう	"味[あじ]わう	to taste"
香り	"香[かお]り	fragrance"
かぐ	"かぐ	to smell"
食欲	"食[しょく] 欲[よく]	appetite"
湯飲み	"湯[ゆ] 飲[の]み	teacup"
お盆	"お 盆[ぼん]	tray"
栄養	"栄[えい] 養[よう]	nutrition"
消化	"消[しょう] 化[か]	digestion"
もたれる	"もたれる	to lean"
宴会	"宴[えん] 会[かい]	party"
歓迎会	"歓[かん] 迎[げい] 会[かい]	welcome party"
送別会	"送[そう] 別[べつ] 会[かい]	farewell party"
つぐ	"つぐ	to pour"
注ぐ	"注[そそ]ぐ	to pour, to flow into, to focus one's efforts"
勧める	"勧[すす]める	to encourage, to suggest"
冷やす	"冷[ひ]やす	to chill"
酔う	"酔[よ]う	to get drunk"
頭痛	"頭[ず] 痛[つう]	headache"
吐き気	"吐[は]き 気[け]	nausea"
吐く	"吐[は]く	to vomit"
めまい	"めまい	dizziness"
意識	"意[い] 識[しき]	consciousness"
失う	"失[うしな]う	to lose"
酔い	"酔[よ]い	drunkenness"
さます	"さます	to get sober, to wake up"
さめる	"さめる	to become sober"
酔っ払い	"酔[よ]っ 払[ぱら]い	drunkard"
帰す	"帰[かえ]す	to send home"
刺身	"刺[さし] 身[み]	sashimi"
つまむ	"つまむ	to pick up with one's fingers"
ぜいたく	"ぜいたく	luxurious"
粗末	"粗[そ] 末[まつ]	shabby, plain, waste"
質	"質[しつ]	quality"
貴重	"貴[き] 重[ちょう]	valuable"
新鮮	"新[しん] 鮮[せん]	fresh"
天然	"天[てん] 然[ねん]	natural"
日本産	"日本[にほん] 産[さん]	made in Japan"
原産	"原[げん] 産[さん]	origin"
調味料	"調[ちょう] 味[み] 料[りょう]	seasoning"
酢	"酢[す]	vinegar"
しょう油	"しょう 油[ゆ]	soya sauce"
こしょう	"こしょう	pepper"
塩辛い	"塩[しお] 辛[から]い	salty"
しょっぱい	"しょっぱい	salty"
酸っぱい	"酸[す]っぱい	sour"
さっぱり	"さっぱり	refreshing, completely"
しつこい	"しつこい	persistent, stubborn"
くどい	"くどい	long-winded, greasy, gaudy"
好み	"好[この]み	liking, taste"
苦手	"苦[にが] 手[て]	weak [poor] at ～"
好き好き	"好[す]き 好[ず]き	matter of liking, taste"
好き嫌い	"好[す]き 嫌[きら]い	likes and dislikes"
和食	"和[わ] 食[しょく]	Japanese food"
洋食	"洋[よう] 食[しょく]	Western food"
和風	"和[わ] 風[ふう]	Japanese style"
洋風	"洋[よう] 風[ふう]	Western style"
味付け	"味[あじ] 付[つ]け	seasoning"
行列	"行[ぎょう] 列[れつ]	line, queue"
注文	"注[ちゅう] 文[もん]	order"
追加	"追[つい] 加[か]	addition"
新年会	"新[しん] 年[ねん] 会[かい]	New Year party"
～産	"～ 産[さん]	product of ～, -made"
～料	"～ 料[りょう]	～ fee"
保存料	"保[ほ] 存[ぞん] 料[りょう]	food preservative"
～風	"～ 風[ふう]	～ style"
中華風	"中[ちゅう] 華[か] 風[ふう]	Chinese style"
現代風	"現[げん] 代[だい] 風[ふう]	contemporary"
よほど	"よほど	exceedingly"
改めて	"改[あらた]めて	again"
しきりに	"しきりに	frequently"
いくら	"いくら	however"
家事	"家[か] 事[じ]	housework"
衣服	"衣[い] 服[ふく]	clothes"
毛糸	"毛[け] 糸[いと]	wool"
編む	"編[あ]む	to knit"
ミシン	"ミシン	sewing machine"
縫う	"縫[ぬ]う	to sew"
柄	"柄[がら]	pattern"
模様	"模[も] 様[よう]	pattern"
しま模様	"しま 模[も] 様[よう]	stripped pattern"
散らかる	"散[ち]らかる	to be scattered"
家具	"家[か] 具[ぐ]	furniture"
どける	"どける	to move"
ほこり	"ほこり	dust"
ほうき	"ほうき	broom"
掃く	"掃[は]く	to sweep"
ふきん	"ふきん	dishcloth"
ふく	"ふく	to wipe"
ぞうきん	"ぞうきん	dust cloth"
絞る	"絞[しぼ]る	to wring, to focus on ～"
ぴかぴか	"ぴかぴか	shiny"
整理	"整[せい] 理[り]	arrangement"
裏返す	"裏[うら] 返[がえ]す	to turn over, to reverse"
干す	"干[ほ]す	to dry"
乾かす	"乾[かわ]かす	to dry"
畳む	"畳[たた]む	to fold"
縮む	"縮[ちぢ]む	to shrink"
しわ	"しわ	wrinkle"
伸ばす	"伸[の]ばす	to smooth out"
つるす	"つるす	to hang"
炊事	"炊[すい] 事[じ]	cooking"
献立	"献[こん] 立[だて]	menu"
ゆでる	"ゆでる	to boil"
蒸す	"蒸[む]す	to steam"
揚げる	"揚[あ]げる	to fry"
いる	"いる	to roast"
炊く	"炊[た]く	to cook"
熱する	"熱[ねっ]する	to heat"
加熱	"加[か] 熱[ねつ]	heating"
煮る	"煮[に]る	to boil"
煮える	"煮[に]える	to boil"
焦がす	"焦[こ]がす	to burn"
焦げる	"焦[こ]げる	to burn"
溶く	"溶[と]く	to dissolve"
溶かす	"溶[と]かす	to melt"
溶ける	"溶[と]ける	to melt"
出来上がる	"出[で] 来[き] 上[あ]がる	to be finished"
仕上がる	"仕[し] 上[あ]がる	to be finished"
出来立て	"出[で] 来[き] 立[た]て	freshly made, just done"
倉庫	"倉[そう] 庫[こ]	warehouse"
瓶	"瓶[びん]	bottle"
栓	"栓[せん]	stopper, cork, plug"
かび	"かび	mold"
腐る	"腐[くさ]る	to go bad [off], to rot"
着せる	"着[き]せる	to dress"
なでる	"なでる	to stroke, to pat"
抱く、抱く	"抱[いだ]く、 抱[だ]く	抱[いだ]く：to have, to cherish 抱[だ]く：to hold [hug]"
だっこ	"だっこ	hug"
背負う	"背[せ] 負[お]う	to carry on one's back"
おんぶ	"おんぶ	piggyback ride"
構う	"構[かま]う	to take care of"
暴れる	"暴[あば]れる	to act violently"
こぼす	"こぼす	to spill"
こぼれる	"こぼれる	to overflow"
汚す	"汚[よご]す	to get dirty"
～模様	"～ 模[も] 様[よう]	～ pattern"
水玉模様	"水[みず] 玉[たま] 模[も] 様[よう]	polka dot"
引っ繰り返す	"引[ひっ] 繰[く]り 返[かえ]す	to turn over"
～上がる	"～ 上[あ]がる	to be completed, to go up"
～立て	"～ 立[た]て	just ～"
せめて	"せめて	at least"
かえって	"かえって	instead, on the contrary"
あらかじめ	"あらかじめ	beforehand, in advance"
ぐっと	"ぐっと	much"
調子	"調[ちょう] 子[し]	condition"
崩す	"崩[くず]す	to break, to demolish"
インフルエンザ	"インフルエンザ	influenza"
かかる	"かかる	to get, to catch"
ウイルス	"ウイルス	virus"
伝染	"伝[でん] 染[せん]	infection"
骨折	"骨[こっ] 折[せつ]	bone fracture"
血圧	"血[けつ] 圧[あつ]	blood pressure"
高血圧	"高[こう] 血[けつ] 圧[あつ]	high blood pressure"
たまる	"たまる	to accumulate, to build up"
もむ	"もむ	to massage"
白髪	"白髪[しらが]	grey hair"
抜ける	"抜[ぬ]ける	to fall out"
ひねる	"ひねる	to twist"
ねじる	"ねじる	to twist"
包帯	"包[ほう] 帯[たい]	bandage"
巻く	"巻[ま]く	to roll"
効く	"効[き]く	to be effective"
症状	"症[しょう] 状[じょう]	symptom"
全身	"全[ぜん] 身[しん]	whole body"
震える	"震[ふる]える	to tremble"
青白い	"青[あお] 白[じろ]い	pale"
苦痛	"苦[く] 痛[つう]	pain"
しびれる	"しびれる	to become numb"
薬局	"薬[やっ] 局[きょく]	pharmacy, chemist [drugstore]"
患者	"患[かん] 者[じゃ]	patient"
診る	"診[み]る	to examine (medically)"
診察	"診[しん] 察[さつ]	medical examination"
診断	"診[しん] 断[だん]	diagnosis"
内科	"内[ない] 科[か]	internal medicine"
外科	"外[げ] 科[か]	surgery"
看病	"看[かん] 病[びょう]	nurse"
はう	"はう	to crawl"
しゃがむ	"しゃがむ	to squat, to crouch"
腰掛ける	"腰[こし] 掛[か]ける	to sit"
立ち上がる	"立[た]ち 上[あ]がる	to rise, to stand up"
余分	"余[よ] 分[ぶん]	extra, surplus"
予防	"予[よ] 防[ぼう]	prevention"
適度	"適[てき] 度[ど]	moderate"
休養	"休[きゅう] 養[よう]	rest, recreation"
消毒	"消[しょう] 毒[どく]	disinfection"
衛生的	"衛[えい] 生[せい] 的[てき]	hygienic, sanitary"
徹夜	"徹[てつ] 夜[や]	staying [sitting] up all night"
睡眠	"睡[すい] 眠[みん]	sleep"
不足	"不[ふ] 足[そく]	lack, shortage"
睡眠不足	"睡[すい] 眠[みん] 不[ぶ] 足[そく]	lack of sleep"
管理	"管[かん] 理[り]	management, care"
せき	"せき	cough"
くしゃみ	"くしゃみ	sneeze"
しゃっくり	"しゃっくり	hiccup"
あくび	"あくび	yawn"
不規則	"不[ふ] 規[き] 則[そく]	irregular"
平均寿命	"平[へい] 均[きん] 寿[じゅ] 命[みょう]	average lifespan"
美容	"美[び] 容[よう]	beauty"
肌	"肌[はだ]	skin"
荒れる	"荒[あ]れる	to get rough"
かみそり	"かみそり	razor"
ひげ	"ひげ	beard"
そる	"そる	to shave"
くし	"くし	comb"
ブラシ	"ブラシ	brush"
とく	"とく	to comb, to brush"
とかす	"とかす	to comb, to brush"
高～	"高[こう]～	high ～"
高カロリー	"高[こう]カロリー	high calorie"
～不足	"～ 不[ぶ] 足[そく]	lack of ～"
寝不足	"寝[ね] 不[ぶ] 足[そく]	lack of sleep"
平均～	"平[へい] 均[きん]～	average ～"
平均気温	"平[へい] 均[きん] 気[き] 温[おん]	average temperature"
一応	"一[いち] 応[おう]	just in case, at any rate"
当分	"当[とう] 分[ぶん]	for the time being"
たちまち	"たちまち	immediately"
今に	"今[いま]に	sooner or later, in time"
訓練	"訓[くん] 練[れん]	training"
トレーニング	"トレーニング	training"
コーチ	"コーチ	coach"
指導	"指[し] 導[どう]	guidance"
上達	"上[じょう] 達[たつ]	progress"
競技	"競[きょう] 技[ぎ]	competition"
出場	"出[しゅつ] 場[じょう]	participation"
見事	"見[み] 事[ごと]	brilliant"
活躍	"活[かつ] 躍[やく]	active part, success"
ミス	"ミス	mistake"
従う	"従[したが]う	to obey"
違反	"違[い] 反[はん]	violation"
観客	"観[かん] 客[きゃく]	audience, spectator"
応援	"応[おう] 援[えん]	to support, cheering for"
ベテラン	"ベテラン	veteran"
引退	"引[いん] 退[たい]	retirement"
敵	"敵[てき]	enemy"
攻める	"攻[せ]める	to attack"
味方	"味[み] 方[かた]	ally, friend"
勝敗	"勝[しょう] 敗[はい]	victory or defeat"
勝負	"勝[しょう] 負[ぶ]	game"
敗れる	"敗[やぶ]れる	to be beaten [defeated]"
引き分け	"引[ひ]き 分[わ]け	to draw"
賞品	"賞[しょう] 品[ひん]	prize, trophy"
賞金	"賞[しょう] 金[きん]	prize money"
読書	"読[どく] 書[しょ]	reading"
作家	"作[さっ] 家[か]	writer"
著者	"著[ちょ] 者[しゃ]	author, writer"
筆者	"筆[ひっ] 者[しゃ]	writer"
書籍	"書[しょ] 籍[せき]	book"
目次	"目[もく] 次[じ]	table of contents"
索引	"索[さく] 引[いん]	index"
評論	"評[ひょう] 論[ろん]	criticism"
執筆	"執[しっ] 筆[ぴつ]	writing"
古典	"古[こ] 典[てん]	classic"
現代語	"現[げん] 代[だい] 語[ご]	modern language"
訳す	"訳[やく]す	to translate"
現代語訳	"現[げん] 代[だい] 語[ご] 訳[やく]	translation into modern language"
名作	"名[めい] 作[さく]	fine work (of art)"
傑作	"傑[けっ] 作[さく]	masterpiece"
印象的	"印[いん] 象[しょう] 的[てき]	impressive"
名場面	"名[めい] 場[ば] 面[めん]	famous scene (in a movie)"
未発表	"未[み] 発[はっ] 表[ぴょう]	unpublished"
随筆	"随[ずい] 筆[ひつ]	essay"
粗筋	"粗[あら] 筋[すじ]	outline"
文芸作品	"文[ぶん] 芸[げい] 作[さく] 品[ひん]	literary work"
解説	"解[かい] 説[せつ]	commentary"
演劇	"演[えん] 劇[げき]	play"
芝居	"芝[しば] 居[い]	play"
～役	"～ 役[やく]	role of ～"
役者	"役[やく] 者[しゃ]	actor [actress]"
演技	"演[えん] 技[ぎ]	acting"
劇場	"劇[げき] 場[じょう]	theatre"
客席	"客[きゃく] 席[せき]	audience [guest] seats"
満員	"満[まん] 員[いん]	full, crowded, packed"
舞台	"舞[ぶ] 台[たい]	stage"
ステージ	"ステージ	stage"
幕	"幕[まく]	curtain"
セリフ	"セリフ	lines"
曲	"曲[きょく]	number, piece of music"
演奏	"演[えん] 奏[そう]	performance"
裁縫	"裁[さい] 縫[ほう]	sewing"
編み物	"編[あ]み 物[もの]	knitting"
工芸	"工[こう] 芸[げい]	crafts"
監督	"監[かん] 督[とく]	coach"
綿	"綿[わた]	cotton (plant)"
詰める	"詰[つ]める	to fill"
削る	"削[けず]る	to plane, to shave, to sharpen"
彫る	"彫[ほ]る	to carve"
古典的	"古[こ] 典[てん] 的[てき]	classical"
名～	"名[めい]～	famous [good] ～"
名勝負	"名[めい] 勝[しょう] 負[ぶ]	good match"
名曲	"名[めい] 曲[きょく]	famous piece of music"
未～	"未[み]～	un-"
未完成	"未[み] 完[かん] 成[せい]	unfinished"
ひょっとすると	"ひょっとすると	possibly"
わずか	"わずか	a few, a little, only"
実に	"実[じつ]に	truly"
日程	"日[にっ] 程[てい]	schedule"
プラン	"プラン	plan"
座席	"座[ざ] 席[せき]	seat"
指定	"指[し] 定[てい]	designation"
往復	"往[おう] 復[ふく]	both ways, round trip"
片道	"片[かた] 道[みち]	one way"
航空券	"航[こう] 空[くう] 券[けん]	air ticket"
待ち合わせる	"待[ま]ち 合[あ]わせる	to arrange to meet"
団体旅行	"団[だん] 体[たい] 旅[りょ] 行[こう]	group tour"
個人旅行	"個[こ] 人[じん] 旅[りょ] 行[こう]	individual travel"
日帰り	"日[ひ] 帰[がえ]り	one-day trip"
宿泊	"宿[しゅく] 泊[はく]	lodging"
二泊三日	"二[に] 泊[はく] 三[みっ] 日[か]	two nights and three days"
別荘	"別[べっ] 荘[そう]	cottage, villa"
滞在	"滞[たい] 在[ざい]	stay"
税関	"税[ぜい] 関[かん]	customs"
通訳	"通[つう] 訳[やく]	interpretation"
パスポート	"パスポート	passport"
免税店	"免[めん] 税[ぜい] 店[てん]	duty-free shop"
見送る	"見[み] 送[おく]る	to see off"
出迎える	"出[で] 迎[むか]える	to meet, to greet"
城	"城[しろ]	castle"
跡	"跡[あと]	remains, site"
広場	"広[ひろ] 場[ば]	square, plaza"
名所	"名[めい] 所[しょ]	famous place"
回る	"回[まわ]る	to go around"
巡る	"巡[めぐ]る	to go around"
首都	"首[しゅ] 都[と]	capital city"
都心	"都[と] 心[しん]	centre of a city"
地方	"地[ち] 方[ほう]	region"
活気	"活[かっ] 気[き]	lively"
混雑	"混[こん] 雑[ざつ]	congestion"
大通り	"大[おお] 通[どお]り	main street"
川沿い	"川[かわ] 沿[ぞ]い	river side"
交通機関	"交[こう] 通[つう] 機[き] 関[かん]	means of transportation, transport facilities"
鉄道	"鉄[てつ] 道[どう]	railroad [railway]"
高速バス	"高[こう] 速[そく]バス	express bus"
モノレール	"モノレール	monorail"
停留所	"停[てい] 留[りゅう] 所[じょ]	stop"
迷う	"迷[まよ]う	to get lost"
無視	"無[む] 視[し]	ignoring"
発つ	"発[た]つ	to leave"
到着	"到[とう] 着[ちゃく]	arrival"
東京発	"東[とう] 京[きょう] 発[はつ]	departing Tokyo"
香港経由	"香[ホン] 港[コン] 経[けい] 由[ゆ]	via Hong Kong"
ロンドン行き	"ロンドン 行[い]き	to [bound] for London"
便	"便[べん]	service"
線路	"線[せん] 路[ろ]	railway track"
ホーム	"ホーム	platform (abbr.)"
売店	"売[ばい] 店[てん]	stand, kiosk"
踏切	"踏[ふみ] 切[きり]	railway crossing"
横断	"横[おう] 断[だん]	crossing"
上り電車	"上[のぼ]り 電[でん] 車[しゃ]	uptown train"
下り電車	"下[くだ]り 電[でん] 車[しゃ]	down train"
発車	"発[はっ] 車[しゃ]	departure"
停車	"停[てい] 車[しゃ]	stopping"
乗車	"乗[じょう] 車[しゃ]	boarding"
下車	"下[げ] 車[しゃ]	alighting"
通学	"通[つう] 学[がく]	attending school"
通勤	"通[つう] 勤[きん]	commuting"
定期券	"定[てい] 期[き] 券[けん]	commuter pass"
回数券	"回[かい] 数[すう] 券[けん]	book of tickets"
ラッシュアワー	"ラッシュアワー	rush hour"
乗客	"乗[じょう] 客[きゃく]	passenger"
定員	"定[てい] 員[いん]	(seating) capacity"
超える	"超[こ]える	to exceed"
～券	"～ 券[けん]	～ ticket [pass]"
団体～	"団[だん] 体[たい]～	group ～"
団体競技	"団[だん] 体[たい] 競[きょう] 技[ぎ]	team sports"
個人～	"個[こ] 人[じん]～	personal [individual] ～"
個人競技	"個[こ] 人[じん] 競[きょう] 技[ぎ]	individual sports"
～沿い	"～ 沿[ぞ]い	along the ～"
線路沿い	"線[せん] 路[ろ] 沿[ぞ]い	along the track"
～機関	"～ 機[き] 関[かん]	～ institution"
～発	"～ 発[はつ]	departing from ～"
中でも	"中[なか]でも	most especially"
既に	"既[すで]に	already"
何とか	"何[なん]とか	somehow"
たった	"たった	only"
陸	"陸[りく]	land"
日本列島	"日本[にほん] 列[れっ] 島[とう]	Japanese archipelago"
半島	"半[はん] 島[とう]	peninsula"
岬	"岬[みさき]	cape"
なだらか	"なだらか	gently sloping"
丘	"丘[おか]	hill"
険しい	"険[けわ]しい	steep, severe"
頂上	"頂[ちょう] 上[じょう]	summit, top"
ふもと	"ふもと	bottom of"
盆地	"盆[ぼん] 地[ち]	basin"
平野	"平[へい] 野[や]	plains"
谷	"谷[たに]	valley"
滝	"滝[たき]	waterfall"
湖	"湖[みずうみ]	lake"
地下水	"地[ち] 下[か] 水[すい]	underground water"
わく	"わく	to spring out"
薄暗い	"薄[うす] 暗[ぐら]い	dim"
森林	"森[しん] 林[りん]	forest"
砂	"砂[すな]	sand"
泥	"泥[どろ]	mud"
地盤	"地[じ] 盤[ばん]	foundation, ground"
砂漠	"砂[さ] 漠[ばく]	desert"
沖	"沖[おき]	out to sea"
岸	"岸[きし]	coast"
湾	"湾[わん]	bay"
温暖	"温[おん] 暖[だん]	warm"
高気圧	"高[こう] 気[き] 圧[あつ]	high atmospheric pressure"
あらし	"あらし	storm"
霧	"霧[きり]	fog"
快晴	"快[かい] 晴[せい]	clear and sunny"
夕立	"夕[ゆう] 立[だち]	shower"
眺める	"眺[なが]める	to gaze"
眺め	"眺[なが]め	view"
見上げる	"見[み] 上[あ]げる	to look up"
見下ろす	"見[み] 下[お]ろす	to look down"
地平線	"地[ち] 平[へい] 線[せん]	horizon"
水平線	"水[すい] 平[へい] 線[せん]	horizon"
沈む	"沈[しず]む	to sink"
暮れる	"暮[く]れる	to get dark"
真っ暗	"真[ま]っ 暗[くら]	pitch dark"
新年度	"新[しん] 年[ねん] 度[ど]	new financial [fiscal] year"
新学期	"新[しん] 学[がっ] 期[き]	new school term"
シーズン	"シーズン	season"
梅雨	"梅雨[つゆ]	rainy season"
明ける	"明[あ]ける	to end, to break"
湿度	"湿[しつ] 度[ど]	humidity"
蒸し暑い	"蒸[む]し 暑[あつ]い	hot and humid"
日差し	"日[ひ] 差[ざ]し	sunlight"
まぶしい	"まぶしい	bright"
汗	"汗[あせ]	sweat"
かく	"かく	to (sweat, snore, etc.)"
紅葉、紅葉	"紅[こう] 葉[よう]、 紅葉[もみじ]	autumn colour of leaves"
果実	"果[か] 実[じつ]	fruit"
実る	"実[みの]る	to ripen"
稲	"稲[いね]	rice plant"
刈る	"刈[か]る	to cut, to harvest"
初雪	"初[はつ] 雪[ゆき]	first snow"
初霜	"初[はつ] 霜[しも]	first frost"
吹雪	"吹雪[ふぶき]	snowstorm"
凍える	"凍[こご]える	to freeze"
～上げる	"～ 上[あ]げる	(indicates upward movement)"
持ち上げる	"持[も]ち 上[あ]げる	to lift"
取り上げる	"取[と]り 上[あ]げる	to take up"
真っ～	"真[ま]っ～	pure [bright, deep, pitch] ～"
新～	"新[しん]～	new ～"
新製品	"新[しん] 製[せい] 品[ひん]	new product"
初～	"初[はつ]～	first ～"
初出場	"初[はつ] 出[しゅつ] 場[じょう]	first appearance"
初優勝	"初[はつ] 優[ゆう] 勝[しょう]	first victory"
ぼんやり	"ぼんやり	indistinct, absentminded"
はるか	"はるか	faraway, a long time"
一段と	"一[いち] 段[だん]と	even more"
決まって	"決[き]まって	always, without fail"
児童	"児[じ] 童[どう]	child"
生徒	"生[せい] 徒[と]	student"
進学	"進[しん] 学[がく]	moving onto the next stage of education"
転校	"転[てん] 校[こう]	changing schools"
在学中	"在[ざい] 学[がく] 中[ちゅう]	at school"
国立大学	"国[こく] 立[りつ] 大[だい] 学[がく]	national university"
私立大学	"私[し] 立[りつ] 大[だい] 学[がく]	private university"
大学院	"大[だい] 学[がく] 院[いん]	graduate school"
ゼミ	"ゼミ	seminar"
演習	"演[えん] 習[しゅう]	practice"
単位	"単[たん] 位[い]	unit"
休講	"休[きゅう] 講[こう]	lecture cancellation"
自習	"自[じ] 習[しゅう]	self-study"
今学期	"今[こん] 学[がっ] 期[き]	this term"
時間割	"時[じ] 間[かん] 割[わり]	timetable"
一時間目	"一[いち] 時[じ] 間[かん] 目[め]	first period"
科目	"科[か] 目[もく]	subject"
国語	"国[こく] 語[ご]	national language"
教師	"教[きょう] 師[し]	teacher"
教員	"教[きょう] 員[いん]	teaching staff"
教授	"教[きょう] 授[じゅ]	professor"
講師	"講[こう] 師[し]	lecturer"
担当	"担[たん] 当[とう]	in charge"
受け持つ	"受[う]け 持[も]つ	to be in charge of"
教育実習	"教[きょう] 育[いく] 実[じっ] 習[しゅう]	teaching practice"
採点	"採[さい] 点[てん]	scoring"
中間試験	"中[ちゅう] 間[かん] 試[し] 験[けん]	mid-term examination"
期末試験	"期[き] 末[まつ] 試[し] 験[けん]	end-of-term exam"
筆記試験	"筆[ひっ] 記[き] 試[し] 験[けん]	written examination"
答案	"答[とう] 案[あん]	answer sheet [paper]"
教科書	"教[きょう] 科[か] 書[しょ]	textbook"
暗記	"暗[あん] 記[き]	learning by heart"
問い	"問[と]い	inquiry"
成績	"成[せい] 績[せき]	academic result [record]"
学力	"学[がく] 力[りょく]	scholastic ability"
評価	"評[ひょう] 価[か]	evaluation"
優れる	"優[すぐ]れる	to be excellent"
自然科学	"自[し] 然[ぜん] 科[か] 学[がく]	natural science"
物理学	"物[ぶつ] 理[り] 学[がく]	physics"
化学	"化[か] 学[がく]	chemistry"
社会科学	"社[しゃ] 会[かい] 科[か] 学[がく]	social science"
人文科学	"人[じん] 文[ぶん] 科[か] 学[がく]	humanities"
文学	"文[ぶん] 学[がく]	literature"
哲学	"哲[てつ] 学[がく]	philosophy"
文学部	"文[ぶん] 学[がく] 部[ぶ]	department of literature"
英文学科	"英[えい] 文[ぶん] 学[がっ] 科[か]	English department"
専攻	"専[せん] 攻[こう]	major"
参考文献	"参[さん] 考[こう] 文[ぶん] 献[けん]	reference literature"
引用	"引[いん] 用[よう]	citation, quotation"
妥当	"妥[だ] 当[とう]	proper"
実験	"実[じっ] 験[けん]	experiment, test"
まとめる	"まとめる	to collect"
説	"説[せつ]	theory, opinion"
証明	"証[しょう] 明[めい]	proof"
論文	"論[ろん] 文[ぶん]	dissertation, essay"
学会	"学[がっ] 会[かい]	academic conference"
今～	"今[こん]～	this ～"
今年度	"今[こん] 年[ねん] 度[ど]	this financial [fiscal] year"
～目	"～ 目[め]	-st, -nd, -th"
～学	"～ 学[がく]	branch of study, -ology"
～学科	"～ 学[がっ] 科[か]	～ science, department of ～"
参考～	"参[さん] 考[こう]～	reference ～"
参考書	"参[さん] 考[こう] 書[しょ]	reference book"
必死	"必[ひっ] 死[し]	desperate"
ひとまず	"ひとまず	for now"
次第に	"次[し] 第[だい]に	gradually"
めったに	"めったに	rarely"
就職	"就[しゅう] 職[しょく]	employment"
芸能界	"芸[げい] 能[のう] 界[かい]	show business"
目指す	"目[め] 指[ざ]す	to aim at"
追いかける	"追[お]いかける	to chase"
あきらめる	"あきらめる	to give up"
就職活動	"就[しゅう] 職[しょく] 活[かつ] 動[どう]	job hunting"
希望	"希[き] 望[ぼう]	hope, wish"
あてはまる	"あてはまる	to fit, to apply to"
張り切る	"張[は]り 切[き]る	to be enthusiastic"
研修	"研[けん] 修[しゅう]	training"
一流企業	"一[いち] 流[りゅう] 企[き] 業[ぎょう]	blue-chip company"
入社	"入[にゅう] 社[しゃ]	joining a company"
月給	"月[げっ] 給[きゅう]	monthly salary"
ボーナス	"ボーナス	bonus"
怠ける	"怠[なま]ける	to be lazy, to neglect"
熱中	"熱[ねっ] 中[ちゅう]	passionate, enthusiastic"
出張	"出[しゅっ] 張[ちょう]	business trip"
休暇	"休[きゅう] 暇[か]	holiday"
申請	"申[しん] 請[せい]	application"
案	"案[あん]	proposal, idea"
思いつく	"思[おも]いつく	to hit upon, to come up with"
提案	"提[てい] 案[あん]	suggestion"
慌ただしい	"慌[あわ]ただしい	busy"
能率	"能[のう] 率[りつ]	efficiency"
依頼	"依[い] 頼[らい]	request, commission"
引き受ける	"引[ひ]き 受[う]ける	to undertake"
失業	"失[しつ] 業[ぎょう]	unemployment"
稼ぐ	"稼[かせ]ぐ	to earn"
株	"株[かぶ]	stock"
もうける	"もうける	to make a profit"
もうかる	"もうかる	to be profitable, to make a profit"
破産	"破[は] 産[さん]	bankruptcy"
経営	"経[けい] 営[えい]	management"
資本金	"資[し] 本[ほん] 金[きん]	capital"
募集	"募[ぼ] 集[しゅう]	recruitment"
雇う	"雇[やと]う	to hire"
経営方針	"経[けい] 営[えい] 方[ほう] 針[しん]	management policy"
損害	"損[そん] 害[がい]	damage"
つぶれる	"つぶれる	to collapse"
就任	"就[しゅう] 任[にん]	inauguration, taking up a post"
管理職	"管[かん] 理[り] 職[しょく]	management"
重役	"重[じゅう] 役[やく]	executive"
指示	"指[し] 示[じ]	instructions, directions"
才能	"才[さい] 能[のう]	ability"
認める	"認[みと]める	to acknowledge"
労働組合	"労[ろう] 働[どう] 組[くみ] 合[あい]	trade union [labor union]"
組織	"組[そ] 織[しき]	organisation"
労働条件	"労[ろう] 働[どう] 条[じょう] 件[けん]	working conditions"
改善	"改[かい] 善[ぜん]	improvement"
要求	"要[よう] 求[きゅう]	demand"
利害	"利[り] 害[がい]	interests"
対立	"対[たい] 立[りつ]	opposition"
弁護士	"弁[べん] 護[ご] 士[し]	lawyer"
～界	"～ 界[かい]	～ world"
金融界	"金[きん] 融[ゆう] 界[かい]	financial world"
一流～	"一[いち] 流[りゅう]～	prestigious [leading] ～"
一流校	"一[いち] 流[りゅう] 校[こう]	top school"
引き～	"引[ひ]き～	(implies something involving pulling back, hauling, withdrawing, etc.)"
引き出す	"引[ひ]き 出[だ]す	to pull out, to withdraw"
～方針	"～ 方[ほう] 針[しん]	～ policy"
～職	"～ 職[しょく]	～ work"
～士	"～ 士[し]	-er, person (in a profession)"
会計士	"会[かい] 計[けい] 士[し]	accountant"
せっせと	"せっせと	busily, hard"
必ずしも	"必[かなら]ずしも	not always [necessarily]"
万一	"万[まん] 一[いち]	by any chance"
早速	"早[さっ] 速[そく]	immediately"
報道	"報[ほう] 道[どう]	news report"
マスコミ	"マスコミ	mass communication"
メディア	"メディア	media"
記事	"記[き] 事[じ]	article"
タイトル	"タイトル	title"
朝刊	"朝[ちょう] 刊[かん]	morning newspaper"
夕刊	"夕[ゆう] 刊[かん]	evening newspaper"
ジャーナリスト	"ジャーナリスト	journalist"
取材	"取[しゅ] 材[ざい]	news gathering"
記者	"記[き] 者[しゃ]	journalist, reporter"
情報	"情[じょう] 報[ほう]	information"
入手	"入[にゅう] 手[しゅ]	obtainment"
発行	"発[はっ] 行[こう]	issue"
話題	"話[わ] 題[だい]	topic"
世間	"世[せ] 間[けん]	society, world, people"
注目	"注[ちゅう] 目[もく]	attention"
見出し	"見[み] 出[だ]し	headline"
一面	"一[いち] 面[めん]	front page"
総合欄	"総[そう] 合[ごう] 欄[らん]	general news column"
政治欄	"政[せい] 治[じ] 欄[らん]	political column"
国際欄	"国[こく] 際[さい] 欄[らん]	international column [section]"
内容	"内[ない] 容[よう]	content"
主	"主[おも]	main"
適切	"適[てき] 切[せつ]	appropriate"
不適切	"不[ふ] 適[てき] 切[せつ]	unsuitable"
興味深い	"興[きょう] 味[み] 深[ぶか]い	interesting"
詳しい	"詳[くわ]しい	detailed"
詳細	"詳[しょう] 細[さい]	details"
大まか	"大[おお]まか	rough"
正確	"正[せい] 確[かく]	accurate"
でたらめ	"でたらめ	nonsense"
衝撃的	"衝[しょう] 撃[げき] 的[てき]	shocking"
ショッキング	"ショッキング	shocking"
～番組	"～ 番[ばん] 組[ぐみ]	～ programme"
放送	"放[ほう] 送[そう]	broadcast"
再放送	"再[さい] 放[ほう] 送[そう]	rebroadcast, repeat"
制作	"制[せい] 作[さく]	production"
撮影	"撮[さつ] 影[えい]	filming"
流れる	"流[なが]れる	to broadcast"
流す	"流[なが]す	to broadcast"
宣伝	"宣[せん] 伝[でん]	advertisement"
コマーシャル	"コマーシャル	commercial"
映像	"映[えい] 像[ぞう]	image, picture"
音声	"音[おん] 声[せい]	sound"
宣伝費	"宣[せん] 伝[でん] 費[ひ]	advertising cost"
広告費	"広[こう] 告[こく] 費[ひ]	advertising cost"
有名人	"有[ゆう] 名[めい] 人[じん]	famous person"
インタビュー	"インタビュー	interview"
旅番組	"旅[たび] 番[ばん] 組[ぐみ]	travel programme"
娯楽番組	"娯[ご] 楽[らく] 番[ばん] 組[ぐみ]	entertainment programme"
クイズ番組	"クイズ 番[ばん] 組[ぐみ]	quiz show"
ドラマ	"ドラマ	drama"
人気	"人[にん] 気[き]	popular"
くだらない	"くだらない	stupid, trashy"
評判	"評[ひょう] 判[ばん]	reputation"
不適当	"不[ふ] 適[てき] 当[とう]	inappropriate"
不可能	"不[ふ] 可[か] 能[のう]	impossible"
意義深い	"意[い] 義[ぎ] 深[ぶか]い	significant"
魅力的	"魅[み] 力[りょく] 的[てき]	enchanting"
本格的	"本[ほん] 格[かく] 的[てき]	full-scale, proper"
深夜番組	"深[しん] 夜[や] 番[ばん] 組[ぐみ]	late-night TV show"
～費	"～ 費[ひ]	expenses, costs"
制作費	"制[せい] 作[さく] 費[ひ]	production cost"
著名人	"著[ちょ] 名[めい] 人[じん]	celebrity"
近々	"近[ちか] 々[ぢか]	shortly"
案外	"案[あん] 外[がい]	unexpectedly"
自ら	"自[みずか]ら	personally"
そのまま	"そのまま	as it is"
じっくり	"じっくり	carefully and deliberately"
ファイル	"ファイル	file"
削除	"削[さく] 除[じょ]	deletion"
消去	"消[しょう] 去[きょ]	erasure"
作成	"作[さく] 成[せい]	making"
コピー	"コピー	copy"
メール	"メール	mail, email"
送信	"送[そう] 信[しん]	transmission, sending"
受信	"受[じゅ] 信[しん]	reception"
送受信	"送[そう] 受[じゅ] 信[しん]	transmission and reception"
添付	"添[てん] 付[ぷ]	attachment"
通信機能	"通[つう] 信[しん] 機[き] 能[のう]	communication function"
変更	"変[へん] 更[こう]	change"
設定	"設[せっ] 定[てい]	settings"
フォント	"フォント	font"
挿入	"挿[そう] 入[にゅう]	insertion"
表	"表[ひょう]	chart, table"
グラフ	"グラフ	graph"
図	"図[ず]	diagram, figure"
拡大	"拡[かく] 大[だい]	enlargement, magnification"
縮小	"縮[しゅく] 小[しょう]	shrink"
文書	"文[ぶん] 書[しょ]	document, piece of writing"
プリントアウト	"プリントアウト	printout"
データ	"データ	data"
保存	"保[ほ] 存[ぞん]	saving"
接続	"接[せつ] 続[ぞく]	connection"
検索	"検[けん] 索[さく]	search"
通信速度	"通[つう] 信[しん] 速[そく] 度[ど]	communication speed"
オンラインショッピング	"オンラインショッピング	online shopping"
ホームページ	"ホームページ	homepage"
ウェブサイト	"ウェブサイト	Web site"
ウイルス対策	"ウイルス 対[たい] 策[さく]	anti-virus"
ソフト	"ソフト	software"
ダウンロード	"ダウンロード	download"
インストール	"インストール	install"
プログラム	"プログラム	programme"
起動	"起[き] 動[どう]	start-up, activation"
立ち上げる	"立[た]ち 上[あ]げる	to launch"
再起動	"再[さい] 起[き] 動[どう]	restart"
終了	"終[しゅう] 了[りょう]	finish"
操作	"操[そう] 作[さ]	operation"
修理	"修[しゅう] 理[り]	repair"
中古	"中[ちゅう] 古[こ]	second-hand"
モニター	"モニター	monitor"
通信～	"通[つう] 信[しん]～	communication [correspondence] ～"
～機能	"～ 機[き] 能[のう]	～ function"
印刷機能	"印[いん] 刷[さつ] 機[き] 能[のう]	printing function"
オンライン～	"オンライン～	online ～"
オンラインショップ	"オンラインショップ	online shop"
～対策	"～ 対[たい] 策[さく]	measures against ～"
迷惑メール対策	"迷[めい] 惑[わく]メール 対[たい] 策[さく]	measures against spam"
再～	"再[さい]～	re-"
再インストール	"再[さい]インストール	reinstall"
一瞬	"一[いっ] 瞬[しゅん]	an instant"
若干	"若[じゃっ] 干[かん]	a bit, slightly"
今や	"今[いま]や	now (in contrast with the past)"
新年	"新[しん] 年[ねん]	New Year"
伝統的	"伝[でん] 統[とう] 的[てき]	traditional"
行事	"行[ぎょう] 事[じ]	event"
神	"神[かみ]	god"
仏	"仏[ほとけ]	Buddha"
祈る	"祈[いの]る	to pray"
願う	"願[ねが]う	to hope"
結婚相手	"結[けっ] 婚[こん] 相[あい] 手[て]	marriage partner"
ふさわしい	"ふさわしい	suitable"
出会う	"出[で] 会[あ]う	to meet, to come across"
交際	"交[こう] 際[さい]	association"
申し込む	"申[もう]し 込[こ]む	to apply"
申し込み	"申[もう]し 込[こ]み	application"
承諾	"承[しょう] 諾[だく]	acceptance"
説得	"説[せっ] 得[とく]	persuasion"
許す	"許[ゆる]す	to forgive"
築く	"築[きず]く	to build"
婚約	"婚[こん] 約[やく]	engagement"
解消	"解[かい] 消[しょう]	dissolution, getting rid of"
既婚者	"既[き] 婚[こん] 者[しゃ]	married person"
離婚	"離[り] 婚[こん]	divorce"
独身	"独[どく] 身[しん]	single"
正式	"正[せい] 式[しき]	formally"
打ち合わせ	"打[う]ち 合[あ]わせ	meeting"
資金	"資[し] 金[きん]	funds, money"
ためる	"ためる	to save up"
手続き	"手[て] 続[つづ]き	procedure"
親戚	"親[しん] 戚[せき]	relative"
同僚	"同[どう] 僚[りょう]	colleague"
花嫁	"花[はな] 嫁[よめ]	bride"
花婿	"花[はな] 婿[むこ]	bridegroom"
永遠	"永[えい] 遠[えん]	eternity"
誓う	"誓[ちか]う	to swear"
豪華	"豪[ごう] 華[か]	gorgeous"
盛大	"盛[せい] 大[だい]	magnificent"
華やか	"華[はな]やか	gorgeous"
成人式	"成[せい] 人[じん] 式[しき]	coming-of-age ceremony [celebration]"
育つ	"育[そだ]つ	to grow up"
成長	"成[せい] 長[ちょう]	growth"
父親	"父[ちち] 親[おや]	father"
母親	"母[はは] 親[おや]	mother"
果たす	"果[は]たす	to carry out"
役割	"役[やく] 割[わり]	role, function"
役目	"役[やく] 目[め]	role, function"
四歳児	"四[よん] 歳[さい] 児[じ]	four-year-old child"
預ける	"預[あず]ける	to entrust, to leave with"
幼稚園	"幼[よう] 稚[ち] 園[えん]	kindergarten"
保育所	"保[ほ] 育[いく] 所[しょ]	nursery school"
奮闘	"奮[ふん] 闘[とう]	struggle, efforts"
ストレス	"ストレス	stress"
成人	"成[せい] 人[じん]	adult"
葬式	"葬[そう] 式[しき]	funeral"
法事	"法[ほう] 事[じ]	memorial service"
葬儀費用	"葬[そう] 儀[ぎ] 費[ひ] 用[よう]	funeral expenses"
墓	"墓[はか]	grave"
墓参り	"墓[はか] 参[まい]り	visit to a grave"
墓地	"墓[ぼ] 地[ち]	cemetery"
眠る	"眠[ねむ]る	to sleep"
埋める	"埋[う]める	to bury, to fill in"
天国	"天[てん] 国[ごく]	heaven"
地獄	"地[じ] 獄[ごく]	hell"
故人	"故[こ] 人[じん]	deceased"
惜しむ	"惜[お]しむ	to regret, to begrudge"
嘆く	"嘆[なげ]く	to grieve about"
形式的	"形[けい] 式[しき] 的[てき]	formal"
～相手	"～ 相[あい] 手[て]	～ partner"
相談相手	"相[そう] 談[だん] 相[あい] 手[て]	adviser"
～込む	"～ 込[こ]む	into"
払い込む	"払[はら]い 込[こ]む	to pay"
～者	"～ 者[しゃ]	～ person, -er"
独身者	"独[どく] 身[しん] 者[しゃ]	single person"
未婚者	"未[み] 婚[こん] 者[しゃ]	unmarried"
～式	"～ 式[しき]	～ ceremony, ～ style [system]"
～児	"～ 児[じ]	～ child"
幼稚園児	"幼[よう] 稚[ち] 園[えん] 児[じ]	kindergarten child"
園児	"園[えん] 児[じ]	kindergarten pupil"
～園	"～ 園[えん]	～ garden"
～所	"～ 所[しょ]	～ place [facility]"
託児所	"託[たく] 児[じ] 所[しょ]	nursery"
～費用	"～ 費[ひ] 用[よう]	～ expenses"
出産費用	"出[しゅっ] 産[さん] 費[ひ] 用[よう]	delivery charges"
なかなか	"なかなか	(not) easily, hardly"
できるだけ	"できるだけ	as many [much] as possible"
すくすく	"すくすく	quickly"
のびのび	"のびのび	free and easily"
殺人事件	"殺[さつ] 人[じん] 事[じ] 件[けん]	murder case"
犯人	"犯[はん] 人[にん]	criminal"
逮捕	"逮[たい] 捕[ほ]	arrest"
捕まる	"捕[つか]まる	to get caught"
強盗	"強[ごう] 盗[とう]	robber"
奪う	"奪[うば]う	to steal"
一人暮らし	"一人[ひとり] 暮[ぐ]らし	living alone"
ねらう	"ねらう	to target"
殺す	"殺[ころ]す	to kill"
被害	"被[ひ] 害[がい]	damage, harm"
遭う	"遭[あ]う	to encounter"
盗難	"盗[とう] 難[なん]	theft, robbery, burglary"
詐欺	"詐[さ] 欺[ぎ]	fraud"
罪	"罪[つみ]	crime"
犯す	"犯[おか]す	to commit"
行方	"行方[ゆくえ]	whereabouts"
現場	"現[げん] 場[ば]	scene (of a crime, accident, etc.)"
捜査	"捜[そう] 査[さ]	(criminal) investigation"
証拠	"証[しょう] 拠[こ]	evidence"
防犯対策	"防[ぼう] 犯[はん] 対[たい] 策[さく]	crime prevention measures"
強化	"強[きょう] 化[か]	strengthening"
犯罪防止	"犯[はん] 罪[ざい] 防[ぼう] 止[し]	crime prevention"
交通事故	"交[こう] 通[つう] 事[じ] 故[こ]	traffic accident"
飛び出す	"飛[と]び 出[だ]す	to run [rush] out"
スピード違反	"スピード 違[い] 反[はん]	speeding offence"
取り締まる	"取[と]り 締[し]まる	to crack down, to control"
差しかかる	"差[さ]しかかる	to approach"
衝突	"衝[しょう] 突[とつ]	collision"
保険	"保[ほ] 険[けん]	insurance"
保険金	"保[ほ] 険[けん] 金[きん]	insurance money [payment]"
災害	"災[さい] 害[がい]	disaster"
発生	"発[はっ] 生[せい]	occurrence"
備える	"備[そな]える	to prepare for"
警戒	"警[けい] 戒[かい]	warning, caution"
大雨洪水警報	"大[おお] 雨[あめ] 洪[こう] 水[ずい] 警[けい] 報[ほう]	heavy rain and flood warning"
土砂崩れ	"土[ど] 砂[しゃ] 崩[くず]れ	landslide"
河川	"河[か] 川[せん]	river"
はんらん	"はんらん	flooding"
噴火	"噴[ふん] 火[か]	eruption"
避難	"避[ひ] 難[なん]	evacuation"
被災者	"被[ひ] 災[さい] 者[しゃ]	victim"
救済	"救[きゅう] 済[さい]	help, relief"
保護	"保[ほ] 護[ご]	protect"
食糧	"食[しょく] 糧[りょう]	provisions, food"
確保	"確[かく] 保[ほ]	securement"
停電	"停[てい] 電[でん]	blackout, power failure"
復旧	"復[ふっ] 旧[きゅう]	restoration"
～事件	"～ 事[じ] 件[けん]	～ incident [case]"
強盗事件	"強[ごう] 盗[とう] 事[じ] 件[けん]	robbery"
防災対策	"防[ぼう] 災[さい] 対[たい] 策[さく]	disaster prevention measures"
～防止	"～ 防[ぼう] 止[し]	prevention"
再発防止	"再[さい] 発[はつ] 防[ぼう] 止[し]	prevention of recurrence"
死亡事故	"死[し] 亡[ぼう] 事[じ] 故[こ]	fatal accident"
飛び込む	"飛[と]び 込[こ]む	to jump [dive] in"
～違反	"～ 違[い] 反[はん]	～ violation"
駐車違反	"駐[ちゅう] 車[しゃ] 違[い] 反[はん]	illegal parking"
取り押さえる	"取[と]り 押[お]さえる	to apprehend, to arrest"
差し～	"差[さ]し～	(emphatic or polite prefix)"
差し押さえる	"差[さ]し 押[お]さえる	to seize"
～警報	"～ 警[けい] 報[ほう]	～ warning"
津波警報	"津[つ] 波[なみ] 警[けい] 報[ほう]	tsunami warning"
～崩れ	"～ 崩[くず]れ	～ slide"
がけ崩れ	"がけ 崩[くず]れ	landslide"
被災～	"被[ひ] 災[さい]～	disaster affected [damaged] ～"
被災地	"被[ひ] 災[さい] 地[ち]	disaster area"
そう	"そう	(not) so"
依然	"依[い] 然[ぜん]	still"
まさか	"まさか	no way"
非常に	"非[ひ] 常[じょう]に	extremely"
直ちに	"直[ただ]ちに	right away"
経済危機	"経[けい] 済[ざい] 危[き] 機[き]	economic crisis"
金融危機	"金[きん] 融[ゆう] 危[き] 機[き]	financial crisis"
不景気	"不[ふ] 景[けい] 気[き]	recession"
景気	"景[けい] 気[き]	business climate [conditions]"
回復	"回[かい] 復[ふく]	recovery"
コスト	"コスト	cost"
削減	"削[さく] 減[げん]	reduction"
上昇	"上[じょう] 昇[しょう]	rising"
物価	"物[ぶっ] 価[か]	prices"
価格	"価[か] 格[かく]	price"
石油	"石[せき] 油[ゆ]	oil"
値上がり	"値[ね] 上[あ]がり	rise in prices"
値下がり	"値[ね] 下[さ]がり	decrease in prices"
転じる	"転[てん]じる	turn ～ to"
赤字	"赤[あか] 字[じ]	deficit, loss"
黒字	"黒[くろ] 字[じ]	surplus"
取引	"取[とり] 引[ひき]	transaction"
取引先	"取[とり] 引[ひき] 先[さき]	customer, business acquaintance"
株式	"株[かぶ] 式[しき]	company stock"
投資	"投[とう] 資[し]	investment"
収入	"収[しゅう] 入[にゅう]	income"
給料	"給[きゅう] 料[りょう]	salary"
料金	"料[りょう] 金[きん]	fee, charge"
支払う	"支[し] 払[はら]う	to pay"
支払い	"支[し] 払[はら]い	payment"
預金	"預[よ] 金[きん]	saving, deposit"
貯金	"貯[ちょ] 金[きん]	savings"
貯蓄	"貯[ちょ] 蓄[ちく]	savings"
銀行口座	"銀[ぎん] 行[こう] 口[こう] 座[ざ]	bank account"
現金	"現[げん] 金[きん]	cash"
返済	"返[へん] 済[さい]	repayment"
借金	"借[しゃっ] 金[きん]	debt"
ローン	"ローン	loan"
定期預金	"定[てい] 期[き] 預[よ] 金[きん]	time deposit"
利子	"利[り] 子[し]	interest"
利息	"利[り] 息[そく]	interest"
資産	"資[し] 産[さん]	asset"
納税	"納[のう] 税[ぜい]	tax payment"
負う	"負[お]う	to owe"
納める	"納[おさ]める	to pay"
税金	"税[ぜい] 金[きん]	tax"
税	"税[ぜい]	tax"
負担	"負[ふ] 担[たん]	burden, responsibility"
かける	"かける	to place, to impose"
強いる	"強[し]いる	to force, to thrust"
天然ガス	"天[てん] 然[ねん]ガス	natural gas"
発電所	"発[はつ] 電[でん] 所[しょ]	power plant"
電力	"電[でん] 力[りょく]	electric power"
供給	"供[きょう] 給[きゅう]	supply"
製造	"製[せい] 造[ぞう]	manufacturing"
向上	"向[こう] 上[じょう]	improvement"
大手自動車メーカー	"大[おお] 手[て] 自[じ] 動[どう] 車[しゃ]メーカー	major car manufacturer"
部品	"部[ぶ] 品[ひん]	part"
製作	"製[せい] 作[さく]	manufacture"
エネルギー資源	"エネルギー 資[し] 源[げん]	energy resources"
需要	"需[じゅ] 要[よう]	demand"
農業	"農[のう] 業[ぎょう]	agriculture"
田	"田[た]	rice field"
畑	"畑[はたけ]	field"
農作業	"農[のう] 作[さ] 業[ぎょう]	farm work"
耕す	"耕[たがや]す	to plough, to cultivate"
種	"種[たね]	seed"
まく	"まく	to sow"
作物	"作[さく] 物[もつ]	crop"
市場	"市[し] 場[じょう]	market"
出荷	"出[しゅっ] 荷[か]	shipment"
～危機	"～ 危[き] 機[き]	～ crisis"
値～	"値[ね]～	price"
値上げ	"値[ね] 上[あ]げ	price increase"
～先	"～ 先[さき]	(used to mean the other party)"
得意先	"得[とく] 意[い] 先[さき]	good customer"
～預金	"～ 預[よ] 金[きん]	～ deposit"
～メーカー	"～メーカー	～ maker"
電機メーカー	"電[でん] 機[き]メーカー	electrical manufacturer"
～資源	"～ 資[し] 源[げん]	～ resources"
天然資源	"天[てん] 然[ねん] 資[し] 源[げん]	natural resources"
いったん	"いったん	temporarily, once"
恐らく	"恐[おそ]らく	perhaps"
なんと	"なんと	how, what"
主に	"主[おも]に	mainly"
決して	"決[けっ]して	by no means, never"
いきなり	"いきなり	suddenly"
演説	"演[えん] 説[ぜつ]	speech, address"
内閣総理大臣	"内[ない] 閣[かく] 総[そう] 理[り] 大[だい] 臣[じん]	prime minister"
首相	"首[しゅ] 相[しょう]	prime minister"
大統領	"大[だい] 統[とう] 領[りょう]	president"
外相	"外[がい] 相[しょう]	foreign minister"
財務相	"財[ざい] 務[む] 相[しょう]	finance minister"
大臣	"大[だい] 臣[じん]	minister"
首脳	"首[しゅ] 脳[のう]	leaders"
交渉	"交[こう] 渉[しょう]	negotiation"
会談	"会[かい] 談[だん]	conference, talk"
合意	"合[ごう] 意[い]	agreement"
援助活動	"援[えん] 助[じょ] 活[かつ] 動[どう]	aid activities"
国際連合	"国[こく] 際[さい] 連[れん] 合[ごう]	United Nations"
次年度	"次[じ] 年[ねん] 度[ど]	next financial [fiscal] year"
予算案	"予[よ] 算[さん] 案[あん]	budget proposal"
政府	"政[せい] 府[ふ]	government"
財政的	"財[ざい] 政[せい] 的[てき]	financial"
課題	"課[か] 題[だい]	task, challenge"
取り組む	"取[と]り 組[く]む	to tackle, to grapple with"
取り組み	"取[と]り 組[く]み	tackling"
条約	"条[じょう] 約[やく]	treaty"
制度	"制[せい] 度[ど]	system, institution"
見直す	"見[み] 直[なお]す	to review, to look again"
改める	"改[あらた]める	to reform, to alter"
国会	"国[こっ] 会[かい]	national assembly, the Diet"
野党	"野[や] 党[とう]	opposition (party)"
与党	"与[よ] 党[とう]	ruling party"
外交政策	"外[がい] 交[こう] 政[せい] 策[さく]	foreign policy"
公共政策	"公[こう] 共[きょう] 政[せい] 策[さく]	public policy"
議論	"議[ぎ] 論[ろん]	discussion"
選挙	"選[せん] 挙[きょ]	election"
投票	"投[とう] 票[ひょう]	voting"
定める	"定[さだ]める	to enact"
憲法	"憲[けん] 法[ぽう]	constitution"
改正	"改[かい] 正[せい]	revision"
住民団体	"住[じゅう] 民[みん] 団[だん] 体[たい]	residents' association"
訴える	"訴[うった]える	to take legal action, to appeal, to complain"
法廷	"法[ほう] 廷[てい]	court"
裁判	"裁[さい] 判[ばん]	trial"
証言	"証[しょう] 言[げん]	testimony"
～世紀	"～ 世[せい] 紀[き]	～ century"
国家	"国[こっ] 家[か]	country, nation"
統一	"統[とう] 一[いつ]	unification"
栄える	"栄[さか]える	to flourish"
滅びる	"滅[ほろ]びる	to decline"
独立	"独[どく] 立[りつ]	independence"
混乱	"混[こん] 乱[らん]	confusion"
革命	"革[かく] 命[めい]	revolution"
植民地	"植[しょく] 民[みん] 地[ち]	colony"
支配	"支[し] 配[はい]	control, rule"
偉大	"偉[い] 大[だい]	great"
人物	"人[じん] 物[ぶつ]	man, figure"
英雄	"英[えい] 雄[ゆう]	great man, hero"
権力	"権[けん] 力[りょく]	power, authority"
握る	"握[にぎ]る	to seize"
貴族	"貴[き] 族[ぞく]	aristocracy"
武士	"武[ぶ] 士[し]	samurai"
天皇	"天[てん] 皇[のう]	emperor"
新大陸	"新[しん] 大[たい] 陸[りく]	new continent"
発見	"発[はっ] 見[けん]	discovery"
庶民	"庶[しょ] 民[みん]	ordinary people"
発展	"発[はっ] 展[てん]	development"
～大臣	"～ 大[だい] 臣[じん]	～ Minister"
外務大臣	"外[がい] 務[む] 大[だい] 臣[じん]	foreign minister"
～相	"～ 相[しょう]	～ Minister"
農水相	"農[のう] 水[すい] 相[しょう]	Minister for Agriculture, Forestry and Fisheries"
～活動	"～ 活[かつ] 動[どう]	～ activities"
選挙活動	"選[せん] 挙[きょ] 活[かつ] 動[どう]	election campaign"
～連合	"～ 連[れん] 合[ごう]	～ union [coalition]"
欧州連合	"欧[おう] 州[しゅう] 連[れん] 合[ごう]	European Union"
～省	"～ 省[しょう]	Ministry of ～"
財務省	"財[ざい] 務[む] 省[しょう]	Ministry of Finance"
外務省	"外[がい] 務[む] 省[しょう]	Ministry of Foreign Affairs"
文部科学省	"文[もん] 部[ぶ] 科[か] 学[がく] 省[しょう]	Ministry of Education, Culture, Sports, Science and Technology"
～年度	"～ 年[ねん] 度[ど]	～ financial [fiscal] year"
～案	"～ 案[あん]	～ plan [proposal]"
改正案	"改[かい] 正[せい] 案[あん]	proposed amendment"
～政策	"～ 政[せい] 策[さく]	～ policy"
～団体	"～ 団[だん] 体[たい]	～ organisation"
地方公共団体	"地[ち] 方[ほう] 公[こう] 共[きょう] 団[だん] 体[たい]	local public organisation"
新時代	"新[しん] 時[じ] 代[だい]	new era"
どうせ	"どうせ	anyway, at any rate"
ほぼ	"ほぼ	more or less"
環境保護	"環[かん] 境[きょう] 保[ほ] 護[ご]	environmental protection"
地球温暖化	"地[ち] 球[きゅう] 温[おん] 暖[だん] 化[か]	global warming"
気候	"気[き] 候[こう]	climate"
変動	"変[へん] 動[どう]	fluctuation"
気候変動	"気[き] 候[こう] 変[へん] 動[どう]	climate change"
温暖化	"温[おん] 暖[だん] 化[か]	global warming"
砂漠化	"砂[さ] 漠[ばく] 化[か]	desertification"
二酸化炭素	"二[に] 酸[さん] 化[か] 炭[たん] 素[そ]	carbon dioxide"
排出量	"排[はい] 出[しゅつ] 量[りょう]	emission amount"
制限	"制[せい] 限[げん]	restriction"
有害	"有[ゆう] 害[がい]	harmful"
物質	"物[ぶっ] 質[しつ]	substance"
自然環境	"自[し] 然[ぜん] 環[かん] 境[きょう]	natural environment"
及ぼす	"及[およ]ぼす	to exert, to cause"
及ぶ	"及[およ]ぶ	to reach, to extend"
自然破壊	"自[し] 然[ぜん] 破[は] 壊[かい]	destruction of nature"
現状	"現[げん] 状[じょう]	present state"
回収	"回[かい] 収[しゅう]	collection"
リサイクル	"リサイクル	recycle"
ペットボトル	"ペットボトル	PET bottle"
古新聞	"古[ふる] 新[しん] 聞[ぶん]	old newspaper"
牛乳パック	"牛[ぎゅう] 乳[にゅう]パック	milk carton"
缶	"缶[かん]	can"
大気	"大[たい] 気[き]	atmosphere"
汚染	"汚[お] 染[せん]	pollution"
深刻	"深[しん] 刻[こく]	serious"
解決	"解[かい] 決[けつ]	solution"
公害	"公[こう] 害[がい]	pollution"
騒音	"騒[そう] 音[おん]	noise, din"
大気汚染	"大[たい] 気[き] 汚[お] 染[せん]	air pollution"
下水道	"下[げ] 水[すい] 道[どう]	sewer, sewerage system"
整備	"整[せい] 備[び]	maintenance"
繁殖	"繁[はん] 殖[しょく]	breeding"
絶滅	"絶[ぜつ] 滅[めつ]	extinction"
獲物	"獲[え] 物[もの]	prey"
襲う	"襲[おそ]う	to attack"
えさ	"えさ	feed, food"
群がる	"群[むら]がる	to gather, to huddle"
羊	"羊[ひつじ]	sheep"
群れ	"群[む]れ	flock, herd"
小屋	"小[こ] 屋[や]	hut"
鶏	"鶏[にわとり]	chicken"
飼育	"飼[し] 育[いく]	breeding"
クマ	"クマ	bear"
危害	"危[き] 害[がい]	harm"
加える	"加[くわ]える	to do (harm) to, to inflict ～ on"
ヒヨコ	"ヒヨコ	chick"
雄	"雄[おす]	male (animal)"
雌	"雌[めす]	female (animal)"
見分ける	"見[み] 分[わ]ける	to distinguish"
子牛	"子[こ] 牛[うし]	calf"
～頭	"～ 頭[とう]	～ head (of cattle)"
生まれる	"生[う]まれる	to be born"
昆虫	"昆[こん] 虫[ちゅう]	insect"
植物	"植[しょく] 物[ぶつ]	plant, vegetation"
植える	"植[う]える	to plant"
栽培	"栽[さい] 培[ばい]	cultivation"
影響	"影[えい] 響[きょう]	influence"
品種	"品[ひん] 種[しゅ]	variety"
発芽	"発[はつ] 芽[が]	germination"
茎	"茎[くき]	stalk"
つぼみ	"つぼみ	flower bud"
膨らむ	"膨[ふく]らむ	to swell, to expand"
開花	"開[かい] 花[か]	blooming"
杉	"杉[すぎ]	cedar"
花粉	"花[か] 粉[ふん]	pollen"
～保護	"～ 保[ほ] 護[ご]	～ protection"
自然保護	"自[し] 然[ぜん] 保[ほ] 護[ご]	nature conservation"
取り入れる	"取[と]り 入[い]れる	to take in"
～化	"～ 化[か]	-ise, -ify, turn into ～"
深刻化	"深[しん] 刻[こく] 化[か]	becoming more serious"
～量	"～ 量[りょう]	～ amount"
産出量	"産[さん] 出[しゅつ] 量[りょう]	output"
～破壊	"～ 破[は] 壊[かい]	～ destruction"
環境破壊	"環[かん] 境[きょう] 破[は] 壊[かい]	environmental destruction"
古～	"古[ふる]～	old ～"
～パック	"～パック	～ carton [pack]"
見～	"見[み]～	(indicates observation [appreciation])"
見誤る	"見[み] 誤[あやま]る	to misjudge"
子ウサギ	"子[こ]ウサギ	baby rabbit"
ついに	"ついに	finally"
徐々に	"徐[じょ] 々[じょ]に	steadily"
思いのほか	"思[おも]いのほか	unexpectedly"
開発	"開[かい] 発[はつ]	development"
発明	"発[はつ] 明[めい]	invention"
進歩	"進[しん] 歩[ぽ]	progress"
科学	"科[か] 学[がく]	science"
テクノロジー	"テクノロジー	technology"
ノーベル賞	"ノーベル 賞[しょう]	Nobel Prize"
受賞	"受[じゅ] 賞[しょう]	prize winning"
発想	"発[はっ] 想[そう]	idea"
新商品	"新[しん] 商[しょう] 品[ひん]	new product"
生み出す	"生[う]み 出[だ]す	to produce, to create"
年月	"年[ねん] 月[げつ]	years"
費やす	"費[つい]やす	to spend"
科学者	"科[か] 学[がく] 者[しゃ]	scientist"
業績	"業[ぎょう] 績[せき]	accomplishment"
生産	"生[せい] 産[さん]	production"
製品	"製[せい] 品[ひん]	product"
生産量	"生[せい] 産[さん] 量[りょう]	production volume [amount]"
システム	"システム	system"
導入	"導[どう] 入[にゅう]	introduce"
設備	"設[せつ] 備[び]	equipment"
点検	"点[てん] 検[けん]	inspection"
チェック	"チェック	check"
効率	"効[こう] 率[りつ]	efficiency"
手間	"手[て] 間[ま]	time and effort"
組み立てる	"組[く]み 立[た]てる	to assemble, to put together"
消費	"消[しょう] 費[ひ]	consumption"
消費者	"消[しょう] 費[ひ] 者[しゃ]	consumer"
ニーズ	"ニーズ	needs"
丈夫	"丈[じょう] 夫[ぶ]	strong, solid"
性能	"性[せい] 能[のう]	performance"
長持ち	"長[なが] 持[も]ち	long lasting"
高性能	"高[こう] 性[せい] 能[のう]	high performance"
不良品	"不[ふ] 良[りょう] 品[ひん]	defective item"
交換	"交[こう] 換[かん]	exchange"
返品	"返[へん] 品[ぴん]	returned goods"
通信網	"通[つう] 信[しん] 網[もう]	communication network"
発達	"発[はっ] 達[たつ]	development"
携帯電話	"携[けい] 帯[たい] 電[でん] 話[わ]	mobile phone [cell phone]"
普及	"普[ふ] 及[きゅう]	diffusion"
遺伝	"遺[い] 伝[でん]	inheritance"
遺伝子	"遺[い] 伝[でん] 子[し]	gene"
受け継ぐ	"受[う]け 継[つ]ぐ	to inherit"
遺伝子組み換え	"遺[い] 伝[でん] 子[し] 組[く]み 換[か]え	genetic recombination"
人工的	"人[じん] 工[こう] 的[てき]	artificial"
改良	"改[かい] 良[りょう]	improvement"
品種改良	"品[ひん] 種[しゅ] 改[かい] 良[りょう]	selective breeding"
安全性	"安[あん] 全[ぜん] 性[せい]	safety"
生物	"生[せい] 物[ぶつ]	living thing, creature"
進化	"進[しん] 化[か]	evolution"
退化	"退[たい] 化[か]	degeneration"
収集	"収[しゅう] 集[しゅう]	collection"
サンプル	"サンプル	sample"
標本	"標[ひょう] 本[ほん]	specimen"
感染	"感[かん] 染[せん]	infection"
菌	"菌[きん]	fungus"
細菌	"細[さい] 菌[きん]	bacteria"
組み～	"組[く]み～	combining [integrating] ～"
組み込む	"組[く]み 込[こ]む	to integrate"
高機能	"高[こう] 機[き] 能[のう]	high functioning"
科学的	"科[か] 学[がく] 的[てき]	scientific"
技術的	"技[ぎ] 術[じゅつ] 的[てき]	technical"
～性	"～ 性[せい]	-ty, -ness"
危険性	"危[き] 険[けん] 性[せい]	dangerousness"
めざましい	"めざましい	remarkable"
次々	"次[つぎ] 々[つぎ]	one after another"
意外	"意[い] 外[がい]	unexpected"
もはや	"もはや	(not) any longer [more]"
ますます	"ますます	more and more"
ビタミン	"ビタミン	vitamin"
豊富	"豊[ほう] 富[ふ]	abundance"
たっぷり	"たっぷり	plenty"
乏しい	"乏[とぼ]しい	scarce, poor"
大量	"大[たい] 量[りょう]	a large amount"
微量	"微[び] 量[りょう]	very small amount"
少々	"少[しょう] 々[しょう]	a little"
大規模	"大[だい] 規[き] 模[ぼ]	large scale"
高度	"高[こう] 度[ど]	advanced"
テクニック	"テクニック	technique"
まれ	"まれ	rare"
風邪気味	"風邪[かぜ] 気[ぎ] 味[み]	slight cold"
大いに	"大[おお]いに	hugely, very much"
役立つ	"役[やく] 立[だ]つ	to be useful"
最大	"最[さい] 大[だい]	biggest"
最低気温	"最[さい] 低[てい] 気[き] 温[おん]	lowest temperature"
～度	"～ 度[ど]	～ degree"
最高気温	"最[さい] 高[こう] 気[き] 温[おん]	highest temperature"
達する	"達[たっ]する	to reach"
ぶかぶか	"ぶかぶか	baggy"
測定	"測[そく] 定[てい]	measurement"
幅	"幅[はば]	width"
間隔	"間[かん] 隔[かく]	space, interval"
距離	"距[きょ] 離[り]	distance"
立体	"立[りっ] 体[たい]	solid"
立方体	"立[りっ] 方[ぽう] 体[たい]	cube"
球	"球[きゅう]	sphere"
体積	"体[たい] 積[せき]	volume"
図形	"図[ず] 形[けい]	figure"
長方形	"長[ちょう] 方[ほう] 形[けい]	rectangle"
正方形	"正[せい] 方[ほう] 形[けい]	square"
円	"円[えん]	circle"
面積	"面[めん] 積[せき]	area"
センチメートル	"センチメートル	centimetre"
平方センチメートル	"平[へい] 方[ほう]センチメートル	square centimetre"
立法センチメートル	"立[りっ] 法[ぽう]センチメートル	cubic centimetre"
リットル	"リットル	litre"
トン	"トン	tonne"
計算	"計[けい] 算[さん]	calculation"
足し算	"足[た]し 算[ざん]	addition"
足す	"足[た]す	to add"
引き算	"引[ひ]き 算[ざん]	subtraction"
引く	"引[ひ]く	to subtract"
掛け算	"掛[か]け 算[ざん]	multiplication"
掛ける	"掛[か]ける	to multiply, to times"
割り算	"割[わ]り 算[ざん]	division"
割る	"割[わ]る	to divide"
勘定	"勘[かん] 定[じょう]	calculation, counting"
割り勘	"割[わ]り 勘[かん]	to split [share] the costs"
金額	"金[きん] 額[がく]	amount of money"
増加	"増[ぞう] 加[か]	increase"
減少	"減[げん] 少[しょう]	decrease"
規模	"規[き] 模[ぼ]	scale"
増大	"増[ぞう] 大[だい]	increase"
低下	"低[てい] 下[か]	decrease"
メンバー	"メンバー	member"
加わる	"加[くわ]わる	to join, to participate"
積む	"積[つ]む	to load, to accumulate, to pile up"
不足分	"不[ふ] 足[そく] 分[ぶん]	deficit"
補う	"補[おぎな]う	to make up for"
軽減	"軽[けい] 減[げん]	reduction"
大～、大～	"大[おお]～、 大[だい]～	大[おお]～：big [great, extreme] ～ 大[だい]～：big [major] ～"
大多数	"大[だい] 多[た] 数[すう]	great majority"
～気味	"～ 気[ぎ] 味[み]	a touch of ～, a little ～"
疲れ気味	"疲[つか]れ 気[ぎ] 味[み]	feeling slightly tired"
～分	"～ 分[ぶん]	～ amount [worth]"
およそ	"およそ	about"
一層	"一[いっ] 層[そう]	much more"
大幅	"大[おお] 幅[はば]	major, drastic"
多少	"多[た] 少[しょう]	a bit, somewhat"
ぎっしり	"ぎっしり	tightly"
ずらりと	"ずらりと	in a line"
ちらっと	"ちらっと	glance"
タイミング	"タイミング	timing"
チャンス	"チャンス	chance"
つかむ	"つかむ	to grab"
逃す	"逃[のが]す	to miss"
与える	"与[あた]える	to give"
生かす	"生[い]かす	to make good use of"
一時	"一[いち] 時[じ]	temporary, for some time"
中断	"中[ちゅう] 断[だん]	interruption"
いつでも	"いつでも	anytime"
いつまでも	"いつまでも	forever"
そのうち	"そのうち	before long"
いずれ	"いずれ	some day"
前後	"前[ぜん] 後[ご]	around"
事前	"事[じ] 前[ぜん]	in advance"
かつて	"かつて	once, before"
以前	"以[い] 前[ぜん]	before"
以来	"以[い] 来[らい]	since"
従来	"従[じゅう] 来[らい]	conventional"
今後	"今[こん] 後[ご]	from now on"
従来通り	"従[じゅう] 来[らい] 通[どお]り	as usual"
実施	"実[じっ] 施[し]	implementation"
過去	"過[か] 去[こ]	past"
日ごろ	"日[ひ]ごろ	usually"
過ごす	"過[す]ごす	to pass"
月日	"月[つき] 日[ひ]	time"
たつ	"たつ	to pass"
経過	"経[けい] 過[か]	passage"
期間中	"期[き] 間[かん] 中[ちゅう]	during the period"
一定	"一[いっ] 定[てい]	fixed, constant"
周期	"周[しゅう] 期[き]	cycle, period"
正午過ぎ	"正[しょう] 午[ご] 過[す]ぎ	past noon"
上旬	"上[じょう] 旬[じゅん]	first ten days of the month"
初旬	"初[しょ] 旬[じゅん]	first ten days of the month"
中旬	"中[ちゅう] 旬[じゅん]	middle ten days of a month"
下旬	"下[げ] 旬[じゅん]	last part of the month"
月末	"月[げつ] 末[まつ]	end of the month"
夜中	"夜[よ] 中[なか]	middle of the night"
明け方	"明[あ]け 方[がた]	dawn"
早朝	"早[そう] 朝[ちょう]	early morning"
日中	"日[にっ] 中[ちゅう]	daytime"
夕暮れ時	"夕[ゆう] 暮[ぐ]れ 時[どき]	dusk"
元	"元[もと]	original"
位置	"位[い] 置[ち]	location, position"
配置	"配[はい] 置[ち]	layout"
空間	"空[くう] 間[かん]	space"
スペース	"スペース	space"
所々	"所[ところ] 々[どころ]	here and there"
枠	"枠[わく]	box"
東京方面	"東[とう] 京[きょう] 方[ほう] 面[めん]	Tokyo area"
向かう	"向[む]かう	to head toward"
周辺	"周[しゅう] 辺[へん]	around"
並ぶ	"並[なら]ぶ	to be in a line"
範囲	"範[はん] 囲[い]	area, range"
沿う	"沿[そ]う	to go along"
予想通り	"予[よ] 想[そう] 通[どお]り	as expected"
予定通り	"予[よ] 定[てい] 通[どお]り	as scheduled"
～方面	"～ 方[ほう] 面[めん]	in the direction of ～"
都心方面	"都[と] 心[しん] 方[ほう] 面[めん]	downtown area"
一斉に	"一[いっ] 斉[せい]に	all together"
極めて	"極[きわ]めて	extremely"
常に	"常[つね]に	always"
押さえる	"押[お]さえる	to hold down, to restrain"
抑える	"抑[おさ]える	to keep under control, to suppress"
傾く	"傾[かたむ]く	to lean, to decline"
刻む	"刻[きざ]む	to chop"
狂う	"狂[くる]う	to go crazy [mad]"
逆らう	"逆[さか]らう	to defy, to go against"
縛る	"縛[しば]る	to tie, to restrict"
搾る	"搾[しぼ]る	to squeeze"
染みる	"染[し]みる	to soak, to pierce, to be deeply moved"
迫る	"迫[せま]る	to approach, to press"
つぶす	"つぶす	to crush"
捕らえる	"捕[と]らえる	to capture"
とらえる	"とらえる	to capture, to seize"
跳ねる	"跳[は]ねる	to jump, to bounce"
はねる	"はねる	to splatter"
はまる	"はまる	to fit into, to be caught"
ふさがる	"ふさがる	to be closed, to close up, to be occupied"
ぶつかる	"ぶつかる	to hit, to collide"
触れる	"触[ふ]れる	to touch"
招く	"招[まね]く	to invite, to cause"
寄せる	"寄[よ]せる	to bring close to, to send, to have"
粗い	"粗[あら]い	rough, coarse"
恐ろしい	"恐[おそ]ろしい	terrible"
勝手	"勝[かっ] 手[て]	do as one pleases, on one's own, without permission, selfish"
裏	"裏[うら]	back, reverse side"
影	"影[かげ]	reflection, shadow"
陰	"陰[かげ]	behind"
型	"型[かた]	mold, model, form"
形	"形[かたち]	shape, style"
波	"波[なみ]	wave"
文句	"文[もん] 句[く]	complaint"
あらゆる	"あらゆる	every"
すべて	"すべて	all"
相当	"相[そう] 当[とう]	considerable"
幾分	"幾[いく] 分[ぶん]	somewhat"
更に	"更[さら]に	further"
うんと	"うんと	really, very"
まったく	"まったく	(not) at all"
せいぜい	"せいぜい	at the most"
やや	"やや	a little"
いよいよ	"いよいよ	finally"
間もなく	"間[ま]もなく	soon"
とっくに	"とっくに	already"
にわかに	"にわかに	suddenly"
再三	"再[さい] 三[さん]	again and again"
たびたび	"たびたび	frequently"
しばしば	"しばしば	often"
しょっちゅう	"しょっちゅう	constantly"
頻繁	"頻[ひん] 繁[ぱん]	frequency"
年中	"年[ねん] 中[じゅう]	all year round"
たまに	"たまに	occasionally"
単なる	"単[たん]なる	mere"
ただの	"ただの	just"
とりあえず	"とりあえず	for now, for the time being"
大げさ	"大[おお]げさ	exaggerated"
オーバー	"オーバー	exaggerated"
安易	"安[あん] 易[い]	easy"
うっかり	"うっかり	carelessly"
思わず	"思[おも]わず	accidentally, automatically"
つい	"つい	by accident, without meaning"
お互いに	"お 互[たが]いに	each other, mutually"
相互に	"相[そう] 互[ご]に	mutually"
相次いで	"相[あい] 次[つ]いで	one after the other"
続々	"続[ぞく] 々[ぞく]	one after another"
あれこれ	"あれこれ	this and that"
ほうぼう	"ほうぼう	various"
順調	"順[じゅん] 調[ちょう]	smooth"
スムーズ	"スムーズ	smooth"
案の定	"案[あん]の 定[じょう]	as expected"
内気	"内[うち] 気[き]	shy"
シャイ	"シャイ	shy"
恥ずかしがり	"恥[は]ずかしがり	shy"
生き生き	"生[い]き 生[い]き	lively"
活発	"活[かっ] 発[ぱつ]	lively"
騒がしい	"騒[さわ]がしい	noisy"
そっくり	"そっくり	spitting image, exactly (like)"
あいまい	"あいまい	vague, unclear"
厄介	"厄[やっ] 介[かい]	trouble"
面倒	"面[めん] 倒[どう]	trouble"
思いがけない	"思[おも]いがけない	unexpected"
差し支えない	"差[さ]し 支[つか]えない	having no objection"
危うい	"危[あや]うい	in danger, dangerous"
やむをえない	"やむをえない	unavoidable"
アイデア	"アイデア	idea"
伝言	"伝[でん] 言[ごん]	(verbal) message"
メッセージ	"メッセージ	message"
真実	"真[しん] 実[じつ]	truth"
用途	"用[よう] 途[と]	(intended) use"
使い道	"使[つか]い 道[みち]	how to use ～"
各々	"各[おの] 々[おの]	each"
それぞれ	"それぞれ	each"
ミーティング	"ミーティング	meeting"
苦情	"苦[く] 情[じょう]	complaint"
クレーム	"クレーム	to claim"
礼儀	"礼[れい] 儀[ぎ]	courtesy"
マナー	"マナー	manner"
スケジュール	"スケジュール	schedule"
契機	"契[けい] 機[き]	opportunity"
きっかけ	"きっかけ	opportunity"
分野	"分[ぶん] 野[や]	area"
ジャンル	"ジャンル	genre, field"
娯楽	"娯[ご] 楽[らく]	amusement, entertainment"
レジャー	"レジャー	leisure"
風景	"風[ふう] 景[けい]	scenery"
試供品	"試[し] 供[きょう] 品[ひん]	sample"
援助	"援[えん] 助[じょ]	aid, assistance"
サポート	"サポート	support"
助け	"助[たす]け	help"
負かす	"負[ま]かす	to beat"
あがる	"あがる	to get nervous"
頭に来る	"頭[あたま]に 来[く]る	to get mad"
腹が立つ	"腹[はら]が 立[た]つ	to get angry"
頭を冷やす	"頭[あたま]を 冷[ひ]やす	to cool down"
落ち込む	"落[お]ち 込[こ]む	to be depressed"
へこむ	"へこむ	to deflate, to lose heart"
がっかり	"がっかり	to be disappointed"
悔やむ	"悔[く]やむ	to regret"
後悔	"後[こう] 悔[かい]	regret"
驚く	"驚[おどろ]く	to be surprised"
お詫び	"お 詫[わ]び	apology"
主張	"主[しゅ] 張[ちょう]	assertion, insistence"
言い張る	"言[い]い 張[は]る	to insist on, to stick to one's point"
打ち消す	"打[う]ち 消[け]す	to deny, to contradict"
否定	"否[ひ] 定[てい]	negation, denial"
参る	"参[まい]る	to be overwhelmed by"
くるむ	"くるむ	to wrap"
担ぐ	"担[かつ]ぐ	to carry on one's shoulder"
引き返す	"引[ひ]き 返[かえ]す	to turn back"
移転	"移[い] 転[てん]	transfer"
転居	"転[てん] 居[きょ]	moving, change of address"
くたびれる	"くたびれる	to be exhausted"
くつろぐ	"くつろぐ	to relax"
リラックス	"リラックス	relax"
サボる	"サボる	to skip"
持ち直す	"持[も]ち 直[なお]す	to recover"
訂正	"訂[てい] 正[せい]	correction"
修正	"修[しゅう] 正[せい]	correction"
調整	"調[ちょう] 整[せい]	adjustment"
コントロール	"コントロール	control"
貢献	"貢[こう] 献[けん]	contribution"
広まる	"広[ひろ]まる	to spread (vi.)"
一致	"一[いっ] 致[ち]	agreement, consistency"
ぴったり	"ぴったり	exactly"
報じる	"報[ほう]じる	to report"
あきれる	"あきれる	to be dumbfounded [astounded]"
気軽	"気[き] 軽[がる]	casual, light-hearted"
気まぐれ	"気[き]まぐれ	whimsy"
気まずい	"気[き]まずい	awkward"
たくましい	"たくましい	strong, burly"
今更	"今[いま] 更[さら]	(too late) now"
今にも	"今[いま]にも	at any moment"
未だに	"未[いま]だに	yet, even now"
何だか	"何[なん]だか	somehow"
何となく	"何[なん]となく	for some reason or other"
何とも	"何[なん]とも	(not) anything"
何しろ	"何[なに]しろ	you know, in any case"
改革	"改[かい] 革[かく]	reform"
改造	"改[かい] 造[ぞう]	remodelling"
改築	"改[かい] 築[ちく]	rebuilding"
休息	"休[きゅう] 息[そく]	rest"
休業	"休[きゅう] 業[ぎょう]	closure, shutdown"
休憩	"休[きゅう] 憩[けい]	break"
批判	"批[ひ] 判[はん]	criticism"
批評	"批[ひ] 評[ひょう]	criticism"
適当	"適[てき] 当[とう]	suitable"
適応	"適[てき] 応[おう]	adaptation"
有効	"有[ゆう] 効[こう]	effective"
有能	"有[ゆう] 能[のう]	competent"
有利	"有[ゆう] 利[り]	advantageous"
有望	"有[ゆう] 望[ぼう]	promising"
有力	"有[ゆう] 力[りょく]	influential, powerful"
よっぽど	"よっぽど	exceedingly"
余計	"余[よ] 計[けい]	extra"
何より	"何[なに]より	more than anything"
いくらか	"いくらか	a little"
なお	"なお	even, further"
なおさら	"なおさら	still more"
割合	"割[わり] 合[あい]	proportion"
割と	"割[わり]と	comparatively"
近く	"近[ちか]く	near"
絶えず	"絶[た]えず	constantly"
終始	"終[しゅう] 始[し]	from beginning to end"
時折	"時[とき] 折[おり]	every now and then"
少しも	"少[すこ]しも	(not) at all [a] bit"
大して	"大[たい]して	(not) that"
別に	"別[べつ]に	(not) particularly"
とても	"とても	(can't) possibly"
ひょっとしたら	"ひょっとしたら	possibly"
もしかすると	"もしかすると	maybe"
もしかしたら	"もしかしたら	maybe"
どうも	"どうも	for some reason"
あたかも	"あたかも	as if"
ちょうど	"ちょうど	just"
万が一	"万[まん]が 一[いち]	by any chance"
一体	"一[いっ] 体[たい]	(what [why]) on earth [the heck]"
果たして	"果[は]たして	sure enough, as expected"
とうとう	"とうとう	finally"
結局	"結[けっ] 局[きょく]	finally"
ふと	"ふと	suddenly"
結構	"結[けっ] 構[こう]	quite"
やむをえず	"やむをえず	unavoidably"
まして	"まして	much more"
むしろ	"むしろ	rather"
わざわざ	"わざわざ	bother [trouble] (to do)"
せっかく	"せっかく	with considerable trouble, carefully"
ほんの	"ほんの	just"
至急	"至[し] 急[きゅう]	urgent"
突如	"突[とつ] 如[じょ]	suddenly"
単に	"単[たん]に	simply"
あいにく	"あいにく	unfortunately"
あくまで	"あくまで	to the last, persistently"
思い切り	"思[おも]い 切[き]り	to one's heart's content"
思いっ切り	"思[おも]いっ 切[き]り	with all one's heart"
半ば	"半[なか]ば	halfway, the middle"
びっしり	"びっしり	tightly packed, full of"
くっきり	"くっきり	clearly"
どっさり	"どっさり	lots of"
びっしょり	"びっしょり	drenched"
ぽかぽか	"ぽかぽか	warm"
ひんやり	"ひんやり	cool"
しっとり	"しっとり	moist"
じめじめ	"じめじめ	gloomy"
ずっしり	"ずっしり	heavily"
ひっそり	"ひっそり	still, quiet"
ぐちゃぐちゃ	"ぐちゃぐちゃ	messy"
めちゃくちゃ	"めちゃくちゃ	complete mess"
すれすれ	"すれすれ	just barely, narrowly"
ほやほや	"ほやほや	fresh"
ぼろぼろ	"ぼろぼろ	tattered, ragged"
さっさと	"さっさと	quickly"
てきぱき	"てきぱき	efficiently"
こつこつ	"こつこつ	steadily"
のろのろ	"のろのろ	sluggishly, slowly"
しみじみ	"しみじみ	deeply"
つくづく	"つくづく	thoroughly, deeply"
ざっと	"ざっと	roughly"
ずばり	"ずばり	frankly"
すんなり	"すんなり	smoothly"
おっとり	"おっとり	gentle, easy-going"
きびきび	"きびきび	briskly, energetically"
むかむか	"むかむか	to feel sick"
きっぱり	"きっぱり	flatly, decisively"
おどおど	"おどおど	anxiously"
そわそわ	"そわそわ	uneasy"
くよくよ	"くよくよ	brooding over"
にやにや	"にやにや	grinning"
ひやひや	"ひやひや	nervously"
ぐったり	"ぐったり	dead-tired"
くたくた	"くたくた	exhausted"
へとへと	"へとへと	completely exhausted"
顔が広い	"顔[かお]が 広[ひろ]い	to know a lot of people"
顔を貸す	"顔[かお]を 貸[か]す	to join, to come along"
顔を出す	"顔[かお]を 出[だ]す	to make an appearance"
頭が上がらない	"頭[あたま]が 上[あ]がらない	to be no match for"
頭が痛い	"頭[あたま]が 痛[いた]い	gives someone a headache"
頭が固い	"頭[あたま]が 固[かた]い	obstinate, stubborn"
頭を下げる	"頭[あたま]を 下[さ]げる	to bow one's head"
目がない	"目[め]がない	having a weakness for"
目に浮かぶ	"目[め]に 浮[う]かぶ	to imagine, to picture in one's mind"
目に付く	"目[め]に 付[つ]く	to be conspicuous"
目を付ける	"目[め]を 付[つ]ける	to fix one's attention on"
目を通す	"目[め]を 通[とお]す	to look over"
口がうまい	"口[くち]がうまい	smooth talker"
口が重い	"口[くち]が 重[おも]い	taciturn"
口が堅い	"口[くち]が 堅[かた]い	tight-lipped"
口が軽い	"口[くち]が 軽[かる]い	to be a blabbermouth"
口が滑る	"口[くち]が 滑[すべ]る	to make a slip of the tongue"
口に合う	"口[くち]に 合[あ]う	to suit someone's taste"
口にする	"口[くち]にする	to talk"
口に出す	"口[くち]に 出[だ]す	to say"
口を出す	"口[くち]を 出[だ]す	to have one's say (in an unconnected matter), to interfere"
耳が痛い	"耳[みみ]が 痛[いた]い	painful to hear"
耳が早い	"耳[みみ]が 早[はや]い	to be the first to know something"
耳にする	"耳[みみ]にする	to hear"
耳を貸す	"耳[みみ]を 貸[か]す	to listen to"
鼻が高い	"鼻[はな]が 高[たか]い	proud"
鼻で笑う	"鼻[はな]で 笑[わら]う	to laugh scornfully"
手が掛かる	"手[て]が 掛[か]かる	difficult"
手が空く	"手[て]が 空[あ]く	to be free"
手が足りない	"手[て]が 足[た]りない	to be short-handed [undermanned]"
手が出ない	"手[て]が 出[で]ない	to be out of one's reach"
手が離せない	"手[て]が 離[はな]せない	to be in the middle of something"
手につかない	"手[て]につかない	can't focus [concentrate] on"
手を貸す	"手[て]を 貸[か]す	to lend a hand"
手を借りる	"手[て]を 借[か]りる	to accept help"
手を組む	"手[て]を 組[く]む	to join hands [forces]"
手を出す	"手[て]を 出[だ]す	to have a finger in, to start a fight"
手をつける	"手[て]をつける	to set one's hand to, to start work on"
腕がいい	"腕[うで]がいい	to be skilled"
腕を上げる	"腕[うで]を 上[あ]げる	to improve one's skill"
腕が上がる	"腕[うで]が 上[あ]がる	to become more skilful"
肩を落とす	"肩[かた]を 落[お]とす	to be disappointed, to be let down"
肩を貸す	"肩[かた]を 貸[か]す	to lend somebody one's shoulder (to lean on)"
腹を立てる	"腹[はら]を 立[た]てる	to get angry"
腹が決まる	"腹[はら]が 決[き]まる	to make up one's mind"
腹を決める	"腹[はら]を 決[き]める	to make up one's mind"
胸が一杯になる	"胸[むね]が 一[いっ] 杯[はい]になる	to be overwhelmed with emotion"
胸に納める	"胸[むね]に 納[おさ]める	to keep to oneself (a secret, etc.)"
胸を打つ	"胸[むね]を 打[う]つ	to be moving"
胸を張る	"胸[むね]を 張[は]る	to be proud"
足を運ぶ	"足[あし]を 運[はこ]ぶ	to pay a visit"
足を引っ張る	"足[あし]を 引[ひ]っ 張[ぱ]る	to hold back, to cause trouble"
足を延ばす	"足[あし]を 延[の]ばす	to extend one's visit"
身が入る	"身[み]が 入[はい]る	to concentrate on"
身につける	"身[み]につける	to learn, to cultivate"
気が合う	"気[き]が 合[あ]う	to get along with"
気が多い	"気[き]が 多[おお]い	to be open to many things"
気が重い	"気[き]が 重[おも]い	to feel depressed"
気が利く	"気[き]が 利[き]く	smart"
気が進まない	"気[き]が 進[すす]まない	to be not in the mood for"
気が済む	"気[き]が 済[す]む	to be satisfied, to feel fine"
気が小さい	"気[き]が 小[ちい]さい	timid"
気が散る	"気[き]が 散[ち]る	to get distracted"
気が早い	"気[き]が 早[はや]い	hasty"
気が短い	"気[き]が 短[みじか]い	short-tempered"
気が向く	"気[き]が 向[む]く	to feel like"
気に掛かる	"気[き]に 掛[か]かる	to be concerned about"
気に食わない	"気[き]に 食[く]わない	to dislike"
気にする	"気[き]にする	to be concerned about"
気に入る	"気[き]に 入[い]る	to like"
気を落とす	"気[き]を 落[お]とす	to be discouraged"
気を取られる	"気[き]を 取[と]られる	to be distracted"
気を遣う	"気[き]を 遣[つか]う	to take care of, to be considerate"
息が合う	"息[いき]が 合[あ]う	to do something together smoothly"
息が切れる	"息[いき]が 切[き]れる	to be short of breath"
息が長い	"息[いき]が 長[なが]い	long-standing"
心が広い	"心[こころ]が 広[ひろ]い	to be big-hearted"
心が狭い	"心[こころ]が 狭[せま]い	to be narrow-minded"
心を込める	"心[こころ]を 込[こ]める	to do whole-heartedly"
心を痛める	"心[こころ]を 痛[いた]める	to be pained"
名が売れる	"名[な]が 売[う]れる	to be famous"
力を入れる	"力[ちから]を 入[い]れる	to put effort into"
虫の居所が悪い	"虫[むし]の 居[い] 所[どころ]が 悪[わる]い	to be in a bad mood"
骨が折れる	"骨[ほね]が 折[お]れる	to require a lot of effort"
首にする	"首[くび]にする	to fire from a job"
首になる	"首[くび]になる	to be fired"
～かける	"～かける	to start -ing"
話しかける	"話[はな]しかける	to talk"
笑いかける	"笑[わら]いかける	to smile, to grin"
問いかける	"問[と]いかける	to inquire"
訴えかける	"訴[うった]えかける	to appeal"
ほほえみかける	"ほほえみかける	to smile (at someone)"
～合う	"～ 合[あ]う	～ with [to, at] each other"
話し合う	"話[はな]し 合[あ]う	to discuss"
殺し合う	"殺[ころ]し 合[あ]う	to kill each other"
見つめ合う	"見[み]つめ 合[あ]う	to look at each other"
助け合う	"助[たす]け 合[あ]う	to help each other"
言い合う	"言[い]い 合[あ]う	to argue, to have an exchange"
ほほえみ合う	"ほほえみ 合[あ]う	to exchange smiles (with another person)"
～直す	"～ 直[なお]す	re-, ～again better"
考え直す	"考[かんが]え 直[なお]す	to rethink, to reconsider"
立て直す	"立[た]て 直[なお]す	rebuild"
読み直す	"読[よ]み 直[なお]す	to reread"
温め直す	"温[あたた]め 直[なお]す	to reheat"
書き直す	"書[か]き 直[なお]す	to rewrite"
見つめ直す	"見[み]つめ 直[なお]す	to reconsider"
書き上がる	"書[か]き 上[あ]がる	to finish writing"
編み上がる	"編[あ]み 上[あ]がる	to knit completely"
焼き上がる	"焼[や]き 上[あ]がる	to be baked"
炊き上がる	"炊[た]き 上[あ]がる	to be cooked"
ゆで上がる	"ゆで 上[あ]がる	to be completely boiled"
～出す	"～ 出[だ]す	～ out"
呼び出す	"呼[よ]び 出[だ]す	to call, to page"
連れ出す	"連[つ]れ 出[だ]す	to take out"
貸し出す	"貸[か]し 出[だ]す	to lend"
持ち出す	"持[も]ち 出[だ]す	to take out"
抜き出す	"抜[ぬ]き 出[だ]す	to pull out"
逃げ出す	"逃[に]げ 出[だ]す	to run away"
歩き出す	"歩[ある]き 出[だ]す	to begin to walk"
泣き出す	"泣[な]き 出[だ]す	to start crying"
怒り出す	"怒[おこ]り 出[だ]す	to lose one's temper"
歌い出す	"歌[うた]い 出[だ]す	to begin to sing"
言い出す	"言[い]い 出[だ]す	to bring up a subject"
話し出す	"話[はな]し 出[だ]す	to begin talking"
痛み出す	"痛[いた]み 出[だ]す	to start to hurt"
～回る	"～ 回[まわ]る	～ around"
歩き回る	"歩[ある]き 回[まわ]る	to walk around, to roam around"
見回る	"見[み] 回[まわ]る	to go [look] around"
走り回る	"走[はし]り 回[まわ]る	to run around"
探し回る	"探[さが]し 回[まわ]る	to look around"
遊び回る	"遊[あそ]び 回[まわ]る	to play around"
乗り込む	"乗[の]り 込[こ]む	to board"
混ぜ込む	"混[ま]ぜ 込[こ]む	to mix (in cooking)"
持ち込む	"持[も]ち 込[こ]む	to bring [carry] in"
染み込む	"染[し]み 込[こ]む	to permeate, to soak into"
駆け込む	"駆[か]け 込[こ]む	to rush into"
詰め込む	"詰[つ]め 込[こ]む	to cram into"
信じ込む	"信[しん]じ 込[こ]む	to firmly believe"
思い込む	"思[おも]い 込[こ]む	to be under the impression"
黙り込む	"黙[だま]り 込[こ]む	to fall silent"
逃げ回る	"逃[に]げ 回[まわ]る	to squirm one's way out of, to run this way and that"
飛び回る	"飛[と]び 回[まわ]る	to fly around"
眠り込む	"眠[ねむ]り 込[こ]む	to fall asleep"
話し込む	"話[はな]し 込[こ]む	to be deep in talk"
受け～	"受[う]け～	receive [accept, take] ～"
受け入れる	"受[う]け 入[い]れる	to accept"
受け取る	"受[う]け 取[と]る	to receive"
あて～	"あて～	apply ～ to, adapt to ～"
あてはめる	"あてはめる	to apply to"
組み合わせる	"組[く]み 合[あ]わせる	to combine"
追い～	"追[お]い～	catch ～"
追い越す	"追[お]い 越[こ]す	to overtake"
追い付く	"追[お]い 付[つ]く	to overtake"
追い出す	"追[お]い 出[だ]す	to chase away, to throw out"
振り～	"振[ふ]り～	turn ～, way of ～"
振り返る	"振[ふ]り 返[かえ]る	to look back"
振り向く	"振[ふ]り 向[む]く	to turn about"
差し出す	"差[さ]し 出[だ]す	to hold out"
差し引く	"差[さ]し 引[ひ]く	to deduct"
通り～	"通[とお]り～	pass ～"
通りかかる	"通[とお]りかかる	to happen to pass by"
通り過ぎる	"通[とお]り 過[す]ぎる	to pass over [by]"
乗り～	"乗[の]り～	ride [over] ～"
乗り遅れる	"乗[の]り 遅[おく]れる	to miss"
乗り越す	"乗[の]り 越[こ]す	to go beyond one's stop"
乗り越える	"乗[の]り 越[こ]える	to overcome"
見習う	"見[み] 習[なら]う	to emulate"
見つめる	"見[み]つめる	to look at"
見慣れる	"見[み] 慣[な]れる	to be familiar with"
引き取る	"引[ひ]き 取[と]る	to pick up"
引き止める	"引[ひ]き 止[と]める	to hold back"
引っ～	"引[ひ]っ～	(indicates actions involving getting trapped, being pulled, etc.)"
引っかける	"引[ひ]っかける	to catch"
引っかかる	"引[ひ]っかかる	to be stuck, to get caught"
引っかく	"引[ひ]っかく	to scratch"
引っ込む	"引[ひ]っ 込[こ]む	to withdraw"
引っ張る	"引[ひ]っ 張[ぱ]る	to lead"
打ち～	"打[う]ち～	(used to add emphasis)"
打ち合わせる	"打[う]ち 合[あ]わせる	to have a meeting"
すれ～	"すれ～	pass ～"
すれ違う	"すれ 違[ちが]う	to pass each other"
色遣い	"色[いろ] 遣[づか]い	colour scheme"
道沿い	"道[みち] 沿[ぞ]い	along the road"
海岸沿い	"海[かい] 岸[がん] 沿[ぞ]い	along the coast"
～扱い	"～ 扱[あつか]い	treated like a ～"
子ども扱い	"子[こ]ども 扱[あつか]い	treating like a child"
犯人扱い	"犯[はん] 人[にん] 扱[あつか]い	treated as a criminal"
～明け	"～ 明[あ]け	beginning of, after"
週明け	"週[しゅう] 明[あ]け	beginning of the week"
夜明け	"夜[よ] 明[あ]け	dawn"
休み明け	"休[やす]み 明[あ]け	just after a holiday break"
～済み	"～ 済[ず]み	finished ～, -ed"
使用済み	"使[し] 用[よう] 済[ず]み	used, spent"
登録済み	"登[とう] 録[ろく] 済[ず]み	registered"
解決済み	"解[かい] 決[けつ] 済[ず]み	resolved"
～連れ	"～ 連[づ]れ	accompanied by ～"
家族連れ	"家[か] 族[ぞく] 連[づ]れ	accompanied by family"
子供連れ	"子[こ] 供[ども] 連[づ]れ	accompanied by children"
三人連れ	"三[さん] 人[にん] 連[づ]れ	party of three"
～違い	"～ 違[ちが]い	different [wrong] ～"
色違い	"色[いろ] 違[ちが]い	different colours"
人違い	"人[ひと] 違[ちが]い	mistaking one person for another"
計算違い	"計[けい] 算[さん] 違[ちが]い	miscalculation"
焼き立て	"焼[や]き 立[た]て	freshly baked [roasted]"
とれたて	"とれたて	fresh"
～おき	"～おき	every ～"
二メートルおき	"二メートルおき	every two metres"
一日おき	"一[いち] 日[にち]おき	every other day"
一つおき	"一[ひと]つおき	every other"
～ぶり	"～ぶり	～ performance"
仕事ぶり	"仕[し] 事[ごと]ぶり	job performance, way of working"
話しぶり	"話[はな]しぶり	one's way of talking"
暮らしぶり	"暮[く]らしぶり	way of life"
～つき	"～つき	look of ～"
目つき	"目[め]つき	look"
顔つき	"顔[かお]つき	looks, facial expression"
体つき	"体[からだ]つき	build"
非～	"非[ひ]～	in-, non-, un-"
非公式	"非[ひ] 公[こう] 式[しき]	informal"
非公開	"非[ひ] 公[こう] 開[かい]	not open to the public"
非課税	"非[ひ] 課[か] 税[ぜい]	tax [duty] free"
不気味	"不[ぶ] 気[き] 味[み]	eerie"
不作法	"不[ぶ] 作[さ] 法[ほう]	impolite, rude"
無～	"無[む]～	un-, in-"
無気力	"無[む] 気[き] 力[りょく]	lethargic"
無許可	"無[む] 許[きょ] 可[か]	unauthorised"
無反応	"無[む] 反[はん] 応[のう]	no response"
総～	"総[そう]～	total ～"
全～	"全[ぜん]～	whole ～"
全科目	"全[ぜん] 科[か] 目[もく]	all subjects"
各～	"各[かく]～	each ～"
各方面	"各[かく] 方[ほう] 面[めん]	various quarters [sides]"
各分野	"各[かく] 分[ぶん] 野[や]	each field [area]"
諸～	"諸[しょ]～	various ～"
諸事情	"諸[しょ] 事[じ] 情[じょう]	various circumstances"
現～	"現[げん]～	present ～"
現段階	"現[げん] 段[だん] 階[かい]	current stage"
現時点	"現[げん] 時[じ] 点[てん]	present moment"
今世紀	"今[こん] 世[せい] 紀[き]	this century"
今シーズン	"今[こん]シーズン	this season"
前～	"前[ぜん]～	former ～, ex-"
元～	"元[もと]～	former ～"
真～	"真[ま]～	brand [right, mid] ～"
真向い	"真[ま] 向[むか]い	right opposite"
正～	"正[せい]～	regular [exact] ～"
正比例	"正[せい] 比[ひ] 例[れい]	direct proportion"
逆～	"逆[ぎゃく]～	reverse [opposite, inverse] ～"
反～	"反[はん]～	anti-, inverse ～"
反時計回り	"反[はん] 時計[とけい] 回[まわ]り	anti-clockwise"
反社会的	"反[はん] 社[しゃ] 会[かい] 的[てき]	anti-social"
反比例	"反[はん] 比[ぴ] 例[れい]	inverse proportion"
別～	"別[べつ]～	another ～"
異～	"異[い]～	different ～"
異民族	"異[い] 民[みん] 族[ぞく]	different race"
異業種	"異[い] 業[ぎょう] 種[しゅ]	different industries"
小～	"小[こ]～	small ～"
高学歴	"高[こう] 学[がく] 歴[れき]	higher education"
低～	"低[てい]～	low ～"
低血圧	"低[てい] 血[けつ] 圧[あつ]	low blood pressure"
低カロリー	"低[てい]カロリー	low calorie"
長～、長～	"長[ちょう]～、 長[なが]～	long ～"
短～	"短[たん]～	short ～"
多～	"多[た]～	multi-, many ～"
多方面	"多[た] 方[ほう] 面[めん]	many-sided, versatile"
多量	"多[た] 量[りょう]	large quantity"
多国籍	"多[た] 国[こく] 籍[せき]	multinational"
多用途	"多[た] 用[よう] 途[と]	multi-purpose"
少～	"少[しょう]～	small ～"
少量	"少[しょう] 量[りょう]	small amount"
重～	"重[じゅう]～	hard [heavy] ～"
重労働	"重[じゅう] 労[ろう] 働[どう]	hard labour"
重工業	"重[じゅう] 工[こう] 業[ぎょう]	heavy industry"
重金属	"重[じゅう] 金[きん] 属[ぞく]	heavy metal"
軽～	"軽[けい]～	light [minor] ～"
軽工業	"軽[けい] 工[こう] 業[ぎょう]	light industry"
軽金属	"軽[けい] 金[きん] 属[ぞく]	light metal"
軽犯罪	"軽[けい] 犯[はん] 罪[ざい]	minor offence"
悪～	"悪[あく]～	bad ～"
好～	"好[こう]～	good ～"
好印象	"好[こう] 印[いん] 象[しょう]	good impression"
好対照	"好[こう] 対[たい] 照[しょう]	good contrast"
新体制	"新[しん] 体[たい] 制[せい]	new system"
旧～	"旧[きゅう]～	old ～"
旧体制	"旧[きゅう] 体[たい] 制[せい]	old system"
旧市街	"旧[きゅう] 市[し] 街[がい]	old town"
旧姓	"旧[きゅう] 姓[せい]	maiden name"
急～	"急[きゅう]～	rapid [sudden, sharp] ～"
急展開	"急[きゅう] 展[てん] 開[かい]	rapid development"
急上昇	"急[きゅう] 上[じょう] 昇[しょう]	sudden rise"
急接近	"急[きゅう] 接[せっ] 近[きん]	rapid approach"
急ブレーキ	"急[きゅう]ブレーキ	sudden braking"
急カーブ	"急[きゅう]カーブ	sharp curve"
急テンポ	"急[きゅう]テンポ	quick tempo"
両～	"両[りょう]～	both ～"
両ひざ	"両[りょう]ひざ	both knees"
両わき	"両[りょう]わき	both sides"
片～	"片[かた]～	one (of two) ～"
片ひざ	"片[かた]ひざ	one knee"
初公開	"初[はつ] 公[こう] 開[かい]	first public exhibition"
初舞台	"初[はつ] 舞[ぶ] 台[たい]	premiere"
主～	"主[しゅ]～	main [principal] ～"
主原料	"主[しゅ] 原[げん] 料[りょう]	main raw materials"
主成分	"主[しゅ] 成[せい] 分[ぶん]	principal component"
主産地	"主[しゅ] 産[さん] 地[ち]	main production area"
副～	"副[ふく]～	vice ～, side ～"
副作用	"副[ふく] 作[さ] 用[よう]	side effect"
副都心	"副[ふく] 都[と] 心[しん]	sub-centre of a city"
同～	"同[どう]～	same ～"
同程度	"同[どう] 程[てい] 度[ど]	same level"
同世代	"同[どう] 世[せ] 代[だい]	same generation"
同業者	"同[どう] 業[ぎょう] 者[しゃ]	person in the same trade"
最～	"最[さい]～	most ～"
最前列	"最[さい] 前[ぜん] 列[れつ]	front row"
最優先	"最[さい] 優[ゆう] 先[せん]	highest priority"
最有力	"最[さい] 有[ゆう] 力[りょく]	most dominant"
超～	"超[ちょう]～	super ～, ultra-"
超一流	"超[ちょう] 一[いち] 流[りゅう]	top-notch"
超小型	"超[ちょう] 小[こ] 型[がた]	ultra-small"
超大型	"超[ちょう] 大[おお] 型[がた]	extra large"
超高層ビル	"超[ちょう] 高[こう] 層[そう]ビル	skyscraper"
超大作	"超[ちょう] 大[たい] 作[さく]	blockbuster"
名演技	"名[めい] 演[えん] 技[ぎ]	fine performance"
名セリフ	"名[めい]セリフ	famous line"
半～	"半[はん]～	half [short]-"
半世紀	"半[はん] 世[せい] 紀[き]	half a century"
半そで	"半[はん]そで	short sleeve"
半透明	"半[はん] 透[とう] 明[めい]	translucent"
半永久的	"半[はん] 永[えい] 久[きゅう] 的[てき]	semi-permanent"
生～	"生[なま]～	live ～"
生演奏	"生[なま] 演[えん] 奏[そう]	live performance"
生出演	"生[なま] 出[しゅつ] 演[えん]	live appearance"
編集者	"編[へん] 集[しゅう] 者[しゃ]	editor"
～家	"～ 家[か]	-er, -or, -ist (performer of an activity)"
建築家	"建[けん] 築[ちく] 家[か]	architect"
専門家	"専[せん] 門[もん] 家[か]	expert"
評論家	"評[ひょう] 論[ろん] 家[か]	critic"
建築士	"建[けん] 築[ちく] 士[し]	architect"
宇宙飛行士	"宇[う] 宙[ちゅう] 飛[ひ] 行[こう] 士[し]	astronaut"
消防士	"消[しょう] 防[ぼう] 士[し]	fireman"
～員	"～ 員[いん]	～ employee"
警備員	"警[けい] 備[び] 員[いん]	security guard"
～官	"～ 官[かん]	～ official"
裁判官	"裁[さい] 判[ばん] 官[かん]	judge"
外交官	"外[がい] 交[こう] 官[かん]	diplomat"
～師	"～ 師[し]	member (of a profession)"
手品師	"手[て] 品[じな] 師[し]	magician"
美容師	"美[び] 容[よう] 師[し]	beautician, hairdresser"
看護師	"看[かん] 護[ご] 師[し]	nurse"
～業	"～ 業[ぎょう]	～ industry"
建設業	"建[けん] 設[せつ] 業[ぎょう]	construction industry"
自営業	"自[じ] 営[えい] 業[ぎょう]	family-operated business, self-employment"
製造業	"製[せい] 造[ぞう] 業[ぎょう]	manufacturing industry"
宿泊料	"宿[しゅく] 泊[はく] 料[りょう]	room charge"
手数料	"手[て] 数[すう] 料[りょう]	service charge"
～代	"～ 代[だい]	～ fee [bill, fare]"
交際費	"交[こう] 際[さい] 費[ひ]	social expenses"
光熱費	"光[こう] 熱[ねつ] 費[ひ]	utility costs"
～金	"～ 金[きん]	～ fee"
寄付金	"寄[き] 付[ふ] 金[きん]	donation"
奨学金	"奨[しょう] 学[がく] 金[きん]	scholarship"
保証金	"保[ほ] 証[しょう] 金[きん]	deposit"
～地	"～ 地[ち]	～ site [place]"
～場	"～ 場[じょう]	～ place [area, field]"
海水浴場	"海[かい] 水[すい] 浴[よく] 場[じょう]	bathing area, beach"
競技場	"競[きょう] 技[ぎ] 場[じょう]	stadium"
裁判所	"裁[さい] 判[ばん] 所[しょ]	courthouse"
保健所	"保[ほ] 健[けん] 所[じょ]	healthcare centre"
撮影所	"撮[さつ] 影[えい] 所[じょ]	studio"
洗面所	"洗[せん] 面[めん] 所[じょ]	bathroom"
～署	"～ 署[しょ]	～ station"
消防署	"消[しょう] 防[ぼう] 署[しょ]	fire station"
税務署	"税[ぜい] 務[む] 署[しょ]	tax office"
～街	"～ 街[がい]	～ area [town]"
住宅街	"住[じゅう] 宅[たく] 街[がい]	residential area"
温泉街	"温[おん] 泉[せん] 街[がい]	spa town"
ビジネス街	"ビジネス 街[がい]	business district"
ショッピング街	"ショッピング 街[がい]	shopping street [area]"
商店街	"商[しょう] 店[てん] 街[がい]	shopping street [area]"
オフィス街	"オフィス 街[がい]	office street [area]"
官庁街	"官[かん] 庁[ちょう] 街[がい]	government office quarter"
～機	"～ 機[き]	～ machine"
～器	"～ 器[き]	～ instrument"
受話器	"受[じゅ] 話[わ] 器[き]	phone receiver"
注射器	"注[ちゅう] 射[しゃ] 器[き]	syringe"
洗面器	"洗[せん] 面[めん] 器[き]	washbasin"
湯沸かし器	"湯[ゆ] 沸[わ]かし 器[き]	water heater"
消火器	"消[しょう] 火[か] 器[き]	fire extinguisher"
充電器	"充[じゅう] 電[でん] 器[き]	charger"
～具	"～ 具[ぐ]	～ gear [implement]"
釣り具	"釣[つ]り 具[ぐ]	fishing gear"
洗面具	"洗[せん] 面[めん] 具[ぐ]	washstand"
筆記具	"筆[ひっ] 記[き] 具[ぐ]	writing instruments"
～計	"～ 計[けい]	～ metre [scale]"
血圧計	"血[けつ] 圧[あつ] 計[けい]	blood pressure gauge"
西洋風	"西[せい] 洋[よう] 風[ふう]	Western style"
～用	"～ 用[よう]	for ～"
医療用	"医[い] 療[りょう] 用[よう]	for medical use"
携帯用	"携[けい] 帯[たい] 用[よう]	for portable use"
英国式	"英[えい] 国[こく] 式[しき]	British style [system]"
組み立て式	"組[く]み 立[た]て 式[しき]	ready-to assemble, collapsible"
～製	"～ 製[せい]	made of [in] ～"
プラスチック製	"プラスチック 製[せい]	plastic"
金属製	"金[きん] 属[ぞく] 製[せい]	made of metal"
～心	"～ 心[しん]	～ spirit"
独立心	"独[どく] 立[りつ] 心[しん]	independent spirit"
好奇心	"好[こう] 奇[き] 心[しん]	curiosity"
～感	"～ 感[かん]	feeling [sense] of ～"
緊張感	"緊[きん] 張[ちょう] 感[かん]	tense atmosphere"
危機感	"危[き] 機[き] 感[かん]	sense of impending crisis"
～力	"～ 力[りょく]	～ power [force]"
生命力	"生[せい] 命[めい] 力[りょく]	vitality"
～制	"～ 制[せい]	～ system"
天皇制	"天[てん] 皇[のう] 制[せい]	emperor system of Japan"
～法	"～ 法[ほう]	～ method [law]"
予防法	"予[よ] 防[ぼう] 法[ほう]	how to prevent"
活用法	"活[かつ] 用[よう] 法[ほう]	usage"
～状	"～ 状[じょう]	～ card [letter]"
年賀状	"年[ねん] 賀[が] 状[じょう]	New Year's card"
挑戦状	"挑[ちょう] 戦[せん] 状[じょう]	written challenge"
～証	"～ 証[しょう]	～ membership card [licence]"
会員証	"会[かい] 員[いん] 証[しょう]	membership card"
学生証	"学[がく] 生[せい] 証[しょう]	student ID card"
免許証	"免[めん] 許[きょ] 証[しょう]	licence"
許可証	"許[きょ] 可[か] 証[しょう]	licence, permit"
身分証	"身[み] 分[ぶん] 証[しょう]	identification card"
登録証	"登[とう] 録[ろく] 証[しょう]	registration card"
～届	"～ 届[とどけ]	～ notification [registration]"
被害届	"被[ひ] 害[がい] 届[とどけ]	damage report"
出生届	"出[しゅっ] 生[しょう] 届[とどけ]	birth registration"
変更届	"変[へん] 更[こう] 届[とどけ]	notification of change"
退職届	"退[たい] 職[しょく] 届[とどけ]	resignation notice"
～帳	"～ 帳[ちょう]	-book"
アドレス帳	"アドレス 帳[ちょう]	address book"
小遣い帳	"小[こ] 遣[づか]い 帳[ちょう]	pocket money spending book"
～版	"～ 版[ばん]	～ edition [version]"
限定版	"限[げん] 定[てい] 版[ばん]	limited edition"
改訂版	"改[かい] 訂[てい] 版[ばん]	revised edition"
～別	"～ 別[べつ]	by ～"
産業別	"産[さん] 業[ぎょう] 別[べつ]	by industry"
年代別	"年[ねん] 代[だい] 別[べつ]	by age"
～差	"～ 差[さ]	difference between [in]"
降水量	"降[こう] 水[すい] 量[りょう]	amount of rainfall"
収穫量	"収[しゅう] 穫[かく] 量[りょう]	crop yield"
～率	"～ 率[りつ]	～ rate"
失業率	"失[しつ] 業[ぎょう] 率[りつ]	unemployment rate"
普及率	"普[ふ] 及[きゅう] 率[りつ]	diffusion rate"
進学率	"進[しん] 学[がく] 率[りつ]	ratio of students going on to a higher stage of education"
競争率	"競[きょう] 争[そう] 率[りつ]	competition rate"
信用度	"信[しん] 用[よう] 度[ど]	credit worthiness"
優先度	"優[ゆう] 先[せん] 度[ど]	priority"
具体的	"具[ぐ] 体[たい] 的[てき]	concrete"
表面化	"表[ひょう] 面[めん] 化[か]	surfacing"
実用化	"実[じつ] 用[よう] 化[か]	practical application"
高齢化	"高[こう] 齢[れい] 化[か]	ageing (of the population)"
具体性	"具[ぐ] 体[たい] 性[せい]	concreteness"
～しむ	"～しむ	(turns adjectives into verbs)"
～む	"～む	(turns adjectives into verbs expressing feelings, emotions, etc.)"
悲しむ	"悲[かな]しむ	to feel sad, to feel sorry for"
苦しむ	"苦[くる]しむ	to suffer"
親しむ	"親[した]しむ	to be friendly"
怪しむ	"怪[あや]しむ	to doubt, to suspect"
痛む	"痛[いた]む	to ache"
涼む	"涼[すず]む	to cool down"
～まる	"～まる	(turns adjectives into intransitive verbs expressing change)"
温まる	"温[あたた]まる	to warm up (vi.)"
温める	"温[あたた]める	to heat [warm] up (vt.)"
暖まる	"暖[あたた]まる	to warm up (vi.)"
暖める	"暖[あたた]める	to heat [warm up] (vt.)"
早まる	"早[はや]まる	to move forward, to hasten (vi.)"
早める	"早[はや]める	to move forward (vt.)"
速まる	"速[はや]まる	to quicken (vi.)"
速める	"速[はや]める	to quicken (vt.)"
強まる	"強[つよ]まる	to strengthen, to intensify (vi.)"
強める	"強[つよ]める	to strengthen, to increase (vt.)"
弱まる	"弱[よわ]まる	to weaken (vi.)"
弱める	"弱[よわ]める	to weaken (vt.)"
薄まる	"薄[うす]まる	to become diluted (vi.)"
薄める	"薄[うす]める	to dilute (vt.)"
固まる	"固[かた]まる	to harden, to solidify (vi.)"
固める	"固[かた]める	to harden, to stiffen (vt.)"
丸まる	"丸[まる]まる	to curl up (vi.)"
丸める	"丸[まる]める	to roll up, to round (vt.)"
静まる	"静[しず]まる	to subside (vi.)"
静める	"静[しず]める	to calm (vt.)"
深まる	"深[ふか]まる	to deepen (vi.)"
深める	"深[ふか]める	to deepen (vt.)"
高まる	"高[たか]まる	to increase, to heighten (vi.)"
高める	"高[たか]める	to increase (vt.)"
広がる	"広[ひろ]がる	to unfold"
広げる	"広[ひろ]げる	to spread out"
～さ	"～さ	(used to turn adjectives into nouns)"
寂しさ	"寂[さび]しさ	sadness, loneliness"
ありがたさ	"ありがたさ	blessing"
正確さ	"正[せい] 確[かく]さ	accuracy"
～み	"～み	(turns a limited number of adjectives into nouns)"
楽しみ	"楽[たの]しみ	pleasure"
悲しみ	"悲[かな]しみ	sadness"
苦しみ	"苦[くる]しみ	suffering"
面白み	"面[おも] 白[しろ]み	fun"
親しみ	"親[した]しみ	familiarity"
温かみ	"温[あたた]かみ	warmth"
痛み	"痛[いた]み	pain, ache"
かゆみ	"かゆみ	itch"
うまみ	"うまみ	taste"
甘み	"甘[あま]み	sweetness"
辛み	"辛[から]み	hot flavour"
苦み	"苦[にが]み	bitterness"
厚み	"厚[あつ]み	thickness"
丸み	"丸[まる]み	roundness"
重み	"重[おも]み	dignity, weight"
深み	"深[ふか]み	depth"
強み	"強[つよ]み	strength"
弱み	"弱[よわ]み	weakness"
